given address,elys address,commitment,acount_type,bank
elys1dmrg4chfkasdpalh8lzxsj0yxv4xq5py4ukhs0,elys1dmrg4chfkasdpalh8lzxsj0yxv4xq5py4ukhs0,372,,0
elys1xzccphkekmnxekr7ddfr4f2mydgx6cadnkpsmh,elys1xzccphkekmnxekr7ddfr4f2mydgx6cadnkpsmh,372,,0
elys14xtscjdd7vue6fz7rk75n0sfjtga5fg2ssmzn6,elys14xtscjdd7vue6fz7rk75n0sfjtga5fg2ssmzn6,372,,0
elys1dfdafjvcx3zjpwrstp9edp677ydlk66ksg4g89,elys1dfdafjvcx3zjpwrstp9edp677ydlk66ksg4g89,372,,0
elys10ypnenqsz9l3ujy77cl5uaetfug4s67elh6mcr,elys10ypnenqsz9l3ujy77cl5uaetfug4s67elh6mcr,372,,0
elys1pj542zfqux96www8g0t9wnsa7j93m4w5fjmm44,elys1pj542zfqux96www8g0t9wnsa7j93m4w5fjmm44,372,,0
elys1qppd6jc6mtnhfa7cge2qqhgxpd0ylrml7neh3n,elys1qppd6jc6mtnhfa7cge2qqhgxpd0ylrml7neh3n,372,,0
elys1cfkfel08mzdtzg4j88mfhf3cdsnztqy9v0deht,elys1cfkfel08mzdtzg4j88mfhf3cdsnztqy9v0deht,372,,0
elys12d4zpmat5w4feuyrsg04lca6tc2lj73geu2pn8,elys12d4zpmat5w4feuyrsg04lca6tc2lj73geu2pn8,372,,0
elys18tzh3xzynkuy7ehwqey34mmff873zye5hupgzh,elys18tzh3xzynkuy7ehwqey34mmff873zye5hupgzh,372,,0
elys1rr0klc2f7f3d8z2hyhq58qw9zrqqlfjp29hcvn,elys1rr0klc2f7f3d8z2hyhq58qw9zrqqlfjp29hcvn,372,,0
elys1rtjuunh937ecur2sf7hw5wa6gfa4myxvsuyvqs,elys1rtjuunh937ecur2sf7hw5wa6gfa4myxvsuyvqs,372,,0
elys12w4ghegg450nv80kqxrlykcgn49sgnjfqgg59d,elys12w4ghegg450nv80kqxrlykcgn49sgnjfqgg59d,372,,0
elys17xnxpzw243mj2h2k67xty3tgykcu2hwfg0q798,elys17xnxpzw243mj2h2k67xty3tgykcu2hwfg0q798,372,,0
elys1l7dqvqfwux7zkrkxtarp3nvk0u9cz7pcftevxz,elys1l7dqvqfwux7zkrkxtarp3nvk0u9cz7pcftevxz,372,,0
elys19m0sfl7g7sfqhkksj77arrmctuflk928hmtut5,elys19m0sfl7g7sfqhkksj77arrmctuflk928hmtut5,372,,0
elys15ns8vygnpqz7ssjazl6338kjr585t468tataym,elys15ns8vygnpqz7ssjazl6338kjr585t468tataym,372,,0
elys16v23a56268xf2whl6pf35epe9qh5vynttn8z7e,elys16v23a56268xf2whl6pf35epe9qh5vynttn8z7e,372,,0
elys1v606lt737493rthhntmssc0tyslrtsck3fp0ym,elys1v606lt737493rthhntmssc0tyslrtsck3fp0ym,372,,0
elys1lvzdg7tvxvacrvqzn5u7jjzt83qpznhlfddfet,elys1lvzdg7tvxvacrvqzn5u7jjzt83qpznhlfddfet,372,,0
elys1007vx3gxfuh6ppx83jxwzwrnkf5u2satkhd3aq,elys1007vx3gxfuh6ppx83jxwzwrnkf5u2satkhd3aq,372,,0
elys1ry4zth04s5kgzg9tf0ru8gs6c9rpryj0errfja,elys1ry4zth04s5kgzg9tf0ru8gs6c9rpryj0errfja,372,,0
elys1dtj2cpgkm77xafen6ty2hxdrqlcc8knhndvd0v,elys1dtj2cpgkm77xafen6ty2hxdrqlcc8knhndvd0v,372,,0
elys1tvrrzrukz9s2tuzupnel0h3t497mzu9hh54fwc,elys1tvrrzrukz9s2tuzupnel0h3t497mzu9hh54fwc,372,,0
elys17fapjthm3t27anz59808cy7y9uuypcnk5zv927,elys17fapjthm3t27anz59808cy7y9uuypcnk5zv927,372,,0
elys1xtxfdzymshxgrmh54rv7kz6zx67p2ha0aqjx9v,elys1xtxfdzymshxgrmh54rv7kz6zx67p2ha0aqjx9v,372,,0
elys1sgftl47xr8unupg30mcvvtx698dyv4eveqxhye,elys1sgftl47xr8unupg30mcvvtx698dyv4eveqxhye,372,,0
elys1g6s02vaw67gzh0qd9zw9t0cwjpx9788nv884kv,elys1g6s02vaw67gzh0qd9zw9t0cwjpx9788nv884kv,372,,0
elys1ctwp6y9herj4terh69tyj7h0mflnlqsvevgnus,elys1ctwp6y9herj4terh69tyj7h0mflnlqsvevgnus,372,,0
elys18ghky0yypgvpu64jcgt7ff02qkrs260urn95zr,elys18ghky0yypgvpu64jcgt7ff02qkrs260urn95zr,372,,0
elys15s3usen8dvw4kyvl9fuje82mspf6svkm2hn3aa,elys15s3usen8dvw4kyvl9fuje82mspf6svkm2hn3aa,372,,0
elys1z9u9hqkfdkue4thxc4z3uc8eeuqhy9knwcehka,elys1z9u9hqkfdkue4thxc4z3uc8eeuqhy9knwcehka,372,,0
elys1yrz7t4ayuxcqzpxw2yw2svmpsk7a4pzqf9z7sv,elys1yrz7t4ayuxcqzpxw2yw2svmpsk7a4pzqf9z7sv,372,,0
elys12zdx49yuc4hxk3lrhds2xvd9f3m5xxtpvyww04,elys12zdx49yuc4hxk3lrhds2xvd9f3m5xxtpvyww04,372,,0
elys10t6mq5rg5ryx96xducda653xxn2nh7q3rzrhnu,elys10t6mq5rg5ryx96xducda653xxn2nh7q3rzrhnu,372,,0
elys1zu65wnlv7s5rj0jdtqqz77390cfelr5dr9epq0,elys1zu65wnlv7s5rj0jdtqqz77390cfelr5dr9epq0,372,,0
elys1mv3emx60h9je6g2td37zl0cp3gwc3qn09glp43,elys1mv3emx60h9je6g2td37zl0cp3gwc3qn09glp43,372,,0
elys1yt8ksrraqwuve8q2ep8nuhl09n9ga99h4kgqzs,elys1yt8ksrraqwuve8q2ep8nuhl09n9ga99h4kgqzs,372,,0
elys1upclff2d88xah68mgyquayfd7klp4udm7wf79c,elys1upclff2d88xah68mgyquayfd7klp4udm7wf79c,372,,0
elys1hsgyqxg3azzc7nwx4zv6upcgmhmx9fxcrjx3us,elys1hsgyqxg3azzc7nwx4zv6upcgmhmx9fxcrjx3us,372,,0
elys1ua5wud6y8cqgat84zu64g3q7kkafq4efq3e8k5,elys1ua5wud6y8cqgat84zu64g3q7kkafq4efq3e8k5,372,,0
elys1e7fepm35w0gskwxsf2awsjhy2ca579tqjf4nwn,elys1e7fepm35w0gskwxsf2awsjhy2ca579tqjf4nwn,372,,0
elys1mhsyy96ge2a996j72npjpk7x7jkh5lnrz7z24z,elys1mhsyy96ge2a996j72npjpk7x7jkh5lnrz7z24z,372,,0
elys156ajzqrslc6uszv5y4kwptgjk2g3ez5krnkh82,elys156ajzqrslc6uszv5y4kwptgjk2g3ez5krnkh82,372,,0
elys1twg50yuldq0zyt5e3eevlq2jv6jln2e96kmt7l,elys1twg50yuldq0zyt5e3eevlq2jv6jln2e96kmt7l,372,,0
elys1qd7yat4vnn5hrkt89pjkmc7ul3sr22rtgy9tzd,elys1qd7yat4vnn5hrkt89pjkmc7ul3sr22rtgy9tzd,372,,0
elys1saf6py5fpc4spv5tkgp2tdn0h4w03sd8yetcc6,elys1saf6py5fpc4spv5tkgp2tdn0h4w03sd8yetcc6,372,,0
elys1da3gtqa3ljam2hs5pppe88ahgyg2kqknpng38y,elys1da3gtqa3ljam2hs5pppe88ahgyg2kqknpng38y,372,,0
elys1jg528rj2x0asd2a6jdkuyackj3qed4ph2zr79n,elys1jg528rj2x0asd2a6jdkuyackj3qed4ph2zr79n,372,,0
elys1xqvauc9myhlr87g80usn3vdsc5rdv5g0gdkdp4,elys1xqvauc9myhlr87g80usn3vdsc5rdv5g0gdkdp4,372,,0
elys1gg5r653x5ye709p3urkurqq8r084vyt6lqt6ga,elys1gg5r653x5ye709p3urkurqq8r084vyt6lqt6ga,372,,0
elys1hrghtnw9j9zs9ldy9cfme3ajkrcmqe7dz5vzq7,elys1hrghtnw9j9zs9ldy9cfme3ajkrcmqe7dz5vzq7,372,,0
elys15hc0mgy2klytu0grllp9pjhnphu2smtvhms2ns,elys15hc0mgy2klytu0grllp9pjhnphu2smtvhms2ns,372,,0
elys19nw9u3hdldj0s93prcvk6pz7tsv4fae54a2atp,elys19nw9u3hdldj0s93prcvk6pz7tsv4fae54a2atp,372,,0
elys120a9789gxf2k6cyvee2rnnslqk9ftf0lgv97c3,elys120a9789gxf2k6cyvee2rnnslqk9ftf0lgv97c3,372,,0
elys1nldu4d4eelpqwn9uxf09tegeafze9rrznum2vf,elys1nldu4d4eelpqwn9uxf09tegeafze9rrznum2vf,372,,0
elys124drgqmp60zngeq6mt7wxr6exhgl53ed4ma26z,elys124drgqmp60zngeq6mt7wxr6exhgl53ed4ma26z,372,,0
elys17x2a2j039uwv0jeetm3tgcs9yx09s6tvjz5rns,elys17x2a2j039uwv0jeetm3tgcs9yx09s6tvjz5rns,372,,0
elys1hjy7dad2rvfhh8a8ncscxjl90snez7rpvrdsu9,elys1hjy7dad2rvfhh8a8ncscxjl90snez7rpvrdsu9,372,,0
elys1a6c8jlv9jmlmvs68my33n73flzhz8den5dzdx5,elys1a6c8jlv9jmlmvs68my33n73flzhz8den5dzdx5,372,,0
elys1z9fthceapxya2tydu9csk8rs0tg69ceuh8t5pm,elys1z9fthceapxya2tydu9csk8rs0tg69ceuh8t5pm,372,,0
elys188rk3vv83hahuaeq2gz7mf2uua5rty9qvxkw9g,elys188rk3vv83hahuaeq2gz7mf2uua5rty9qvxkw9g,372,,0
elys19u8jnm6tjvv6gnhrr36vk2s92ajgqu6fg8hq6m,elys19u8jnm6tjvv6gnhrr36vk2s92ajgqu6fg8hq6m,372,,0
elys1zlqvkhf8cfdfczg4t7yn2rd2zgyds9ejutalgl,elys1zlqvkhf8cfdfczg4t7yn2rd2zgyds9ejutalgl,372,,0
elys1dauy4vfjl2z3a4pf264luuyjkssd23980gr74t,elys1dauy4vfjl2z3a4pf264luuyjkssd23980gr74t,372,,0
elys15clhcl7pr70tj3wstjs2s6ur37e0texmmjnfh5,elys15clhcl7pr70tj3wstjs2s6ur37e0texmmjnfh5,372,,0
elys1wdgacvvtz3urey4xka743nf4qg0ugg6qt08y69,elys1wdgacvvtz3urey4xka743nf4qg0ugg6qt08y69,372,,0
elys1qczrusl58d9kselv6mp50dyajat86z48g6pvz7,elys1qczrusl58d9kselv6mp50dyajat86z48g6pvz7,372,,0
elys1meuvepnrq7zt356j2krsz65vxdd7u09n2u9ldx,elys1meuvepnrq7zt356j2krsz65vxdd7u09n2u9ldx,372,,0
elys1yg9adamzqvfxvkcw8c8my3yurnhcjyu8rjecjq,elys1yg9adamzqvfxvkcw8c8my3yurnhcjyu8rjecjq,372,,0
elys1llanu5yhj7tajqz5c6mnaw5veqwx5x9wxchqta,elys1llanu5yhj7tajqz5c6mnaw5veqwx5x9wxchqta,372,,0
elys10hgw0x594g7zknxtttn5newvg65st9rd9j65rf,elys10hgw0x594g7zknxtttn5newvg65st9rd9j65rf,372,,0
elys1zmwecv9ah7lpq5g4k94mmttxuqqf6m97rhf9rp,elys1zmwecv9ah7lpq5g4k94mmttxuqqf6m97rhf9rp,372,,0
elys1j3es6w62xwj0ad8lg09eu3hjayv9cljycdsrry,elys1j3es6w62xwj0ad8lg09eu3hjayv9cljycdsrry,372,,0
elys16af03s965vqs4flkdyr4s45eyp7r4v6dmuju0e,elys16af03s965vqs4flkdyr4s45eyp7r4v6dmuju0e,372,,0
elys1h6r7sgwxfxps4payfyc8rl56svzmx6t5kp9u9n,elys1h6r7sgwxfxps4payfyc8rl56svzmx6t5kp9u9n,372,,0
elys1wujxr8a3tg232jnw4an42szs62adnvt5u6w2eu,elys1wujxr8a3tg232jnw4an42szs62adnvt5u6w2eu,372,,0
elys1pzj0ufe0zmh8ae022ervukhdft30e0ppns0c7t,elys1pzj0ufe0zmh8ae022ervukhdft30e0ppns0c7t,372,,0
elys1fmsn9apdpgh0dg32v746rf7xdckf2fgnv77gmq,elys1fmsn9apdpgh0dg32v746rf7xdckf2fgnv77gmq,372,,0
elys1e0v83jk03v04n2we9ha4hq4dwt7sq6gkg9xs5z,elys1e0v83jk03v04n2we9ha4hq4dwt7sq6gkg9xs5z,372,,0
elys1r4r7m6xyvaa0td0nklm4y85xf9cc04kk6elhn9,elys1r4r7m6xyvaa0td0nklm4y85xf9cc04kk6elhn9,372,,0
elys14va59m5pel7u7pav55ckm6zcer4ja4jtpqfya5,elys14va59m5pel7u7pav55ckm6zcer4ja4jtpqfya5,372,,0
elys1hjsu07a2xe9grwyn0wd6flked58eetpfqgwgcj,elys1hjsu07a2xe9grwyn0wd6flked58eetpfqgwgcj,372,,0
elys18nsqnn7nnf4lwehx8e2se060fk6usf6xvdqen3,elys18nsqnn7nnf4lwehx8e2se060fk6usf6xvdqen3,372,,0
elys1adut4rgeurw5cgqhpa083sklzvf6s3pw4z3hc8,elys1adut4rgeurw5cgqhpa083sklzvf6s3pw4z3hc8,372,,0
elys1afusmz8753gre3z22xpvzfgxwx2tp8se8cmsyj,elys1afusmz8753gre3z22xpvzfgxwx2tp8se8cmsyj,372,,0
elys1h7n08cjpdpvaj3hgfz7dlm8343tevtrytj6v2c,elys1h7n08cjpdpvaj3hgfz7dlm8343tevtrytj6v2c,372,,0
elys15g3ls5t2ar6gst7plszut0yy6k9urfjta3ucwq,elys15g3ls5t2ar6gst7plszut0yy6k9urfjta3ucwq,372,,0
elys16rqw5q4j80y7m5wppekym9rylwkkuwm995klqm,elys16rqw5q4j80y7m5wppekym9rylwkkuwm995klqm,372,,0
elys1dcy4edtqk8wpp7kn23tg50lvfvj3dpcq2zncg3,elys1dcy4edtqk8wpp7kn23tg50lvfvj3dpcq2zncg3,372,,0
elys1dsmq6vhchgmh5expmhr5fgtalegmjj8e6wza64,elys1dsmq6vhchgmh5expmhr5fgtalegmjj8e6wza64,372,,0
elys1wc325g9fqj9us7ghfsa3m67548gkrrujuhykxs,elys1wc325g9fqj9us7ghfsa3m67548gkrrujuhykxs,372,,0
elys1fnk6nj24aa320mty5lf2l4mqvjjx82lujnepp2,elys1fnk6nj24aa320mty5lf2l4mqvjjx82lujnepp2,372,,0
elys1x2xuzqlsnxpmg6p79sdpp6955a2z468lmtvxys,elys1x2xuzqlsnxpmg6p79sdpp6955a2z468lmtvxys,372,,0
elys137c4shyhnvwaw95yufdxx3dyu3s2pjgapf3y67,elys137c4shyhnvwaw95yufdxx3dyu3s2pjgapf3y67,372,,0
elys12nc3faewnltye4ksecpmltjac463ftwe6tyyey,elys12nc3faewnltye4ksecpmltjac463ftwe6tyyey,372,,0
elys1r8nplz585hux0atndjegxfnkuvwynsu4jmmxvu,elys1r8nplz585hux0atndjegxfnkuvwynsu4jmmxvu,372,,0
elys1hwhtst9252jnzlfvqlrfxwept7dv0uwzllk2zz,elys1hwhtst9252jnzlfvqlrfxwept7dv0uwzllk2zz,372,,0
elys1695hjrhknrkmlkmxud8tuelzlxw4zj0hwmex7x,elys1695hjrhknrkmlkmxud8tuelzlxw4zj0hwmex7x,372,,0
elys1rtljztddr3phdmdzr46mwdkyhlgcnkca485u2m,elys1rtljztddr3phdmdzr46mwdkyhlgcnkca485u2m,372,,0
elys1778rw4t8fhcjm7xrrue4j0q44uqw0yrpkdlwwp,elys1778rw4t8fhcjm7xrrue4j0q44uqw0yrpkdlwwp,372,,0
elys1zwqv4pk2smtqs5s40r5z34f9v239zu2egl9put,elys1zwqv4pk2smtqs5s40r5z34f9v239zu2egl9put,372,,0
elys1y03src9ej2mtnxrmw5w2d7laljhf3mljezxruf,elys1y03src9ej2mtnxrmw5w2d7laljhf3mljezxruf,372,,0
elys1jq3terhmyuct8p6xatskg720fy66hkat8re8a6,elys1jq3terhmyuct8p6xatskg720fy66hkat8re8a6,372,,0
elys1hmvcsfdukxmhsgf5kgew8vmhtxgndcyx8ytz6p,elys1hmvcsfdukxmhsgf5kgew8vmhtxgndcyx8ytz6p,372,,0
elys1svvrtywdt029lqrzjgmjthpcd5nss8hldmqdc9,elys1svvrtywdt029lqrzjgmjthpcd5nss8hldmqdc9,372,,0
elys1n23xedafmunpmr65ahe08754x03tgdz2e45hpd,elys1n23xedafmunpmr65ahe08754x03tgdz2e45hpd,372,,0
elys15gmyy5ekx7z6purzfftkya8x9sug4wg6hd9fj5,elys15gmyy5ekx7z6purzfftkya8x9sug4wg6hd9fj5,372,,0
elys1csez43ha37qnmvsjea2d96are3eme4289jv3zj,elys1csez43ha37qnmvsjea2d96are3eme4289jv3zj,372,,0
elys1ztr0wzkqpprphya6aake797nvx5etppv6m3hed,elys1ztr0wzkqpprphya6aake797nvx5etppv6m3hed,372,,0
elys1flp36e8htwnhuefwc9t4hdj9td0f0awvtlxyfw,elys1flp36e8htwnhuefwc9t4hdj9td0f0awvtlxyfw,372,,0
elys1tmxynhy3hxrxtwauxl7rzxde7svpscy5y0vsjs,elys1tmxynhy3hxrxtwauxl7rzxde7svpscy5y0vsjs,372,,0
elys1xr93j93czlfeahg6gwx2l9ht6560dn5vd3f57h,elys1xr93j93czlfeahg6gwx2l9ht6560dn5vd3f57h,372,,0
elys199l6cq444ral4rll4nsukm55c2tcsm2rpv9rzn,elys199l6cq444ral4rll4nsukm55c2tcsm2rpv9rzn,372,,0
elys1mfzm4nlyt0w48xx22a5rjpgxn4c9p88zjff40h,elys1mfzm4nlyt0w48xx22a5rjpgxn4c9p88zjff40h,372,,0
elys1ehdwgtpcnrgtwdsm3ceapcke8un60gk03ezffu,elys1ehdwgtpcnrgtwdsm3ceapcke8un60gk03ezffu,372,,0
elys10ulfxmkysgw7dly2v5zky0nfusp8shnj63memw,elys10ulfxmkysgw7dly2v5zky0nfusp8shnj63memw,372,,0
elys1zvlah58pxpe2lpavvke9ejmzukgh5dtgz9eapf,elys1zvlah58pxpe2lpavvke9ejmzukgh5dtgz9eapf,372,,0
elys16lkuzfh3t2j376hmt5826da9r0khkkztk5xugc,elys16lkuzfh3t2j376hmt5826da9r0khkkztk5xugc,372,,0
elys1jr47lp2smyrj05f0w978pdw3thrqlsnv28h4qq,elys1jr47lp2smyrj05f0w978pdw3thrqlsnv28h4qq,372,,0
elys14ekp40hfhjxj9lvx3zpj5qc7xavprczf3jx2y0,elys14ekp40hfhjxj9lvx3zpj5qc7xavprczf3jx2y0,372,,0
elys14lyk2etkyq2q950t2xx8ahh5wjdp0zu3m57ucy,elys14lyk2etkyq2q950t2xx8ahh5wjdp0zu3m57ucy,372,,0
elys1gd87qucyk69anz9cllmaylztcpk7jkwywld0fu,elys1gd87qucyk69anz9cllmaylztcpk7jkwywld0fu,372,,0
elys1kwkw6078xqqjkdurt85a33yrhmlanhqjetsvel,elys1kwkw6078xqqjkdurt85a33yrhmlanhqjetsvel,372,,0
elys1lcyvkphujf5a9cpxvqezj74k67xrwsaefmmwcr,elys1lcyvkphujf5a9cpxvqezj74k67xrwsaefmmwcr,372,,0
elys1nsfrf4jdjhrpqmeg7jwslmajje0ltgjvgr9wxx,elys1nsfrf4jdjhrpqmeg7jwslmajje0ltgjvgr9wxx,372,,0
elys1fdtm3vy3cguej3jwxatn9cw7nc58qp603leafd,elys1fdtm3vy3cguej3jwxatn9cw7nc58qp603leafd,372,,0
elys1f44qd2yw4f007dqddltptaqyqly9qs05a8ud8p,elys1f44qd2yw4f007dqddltptaqyqly9qs05a8ud8p,372,,0
elys12cw08yg7mm5l8fdg4aa6yf0tfy7ehmgasdh758,elys12cw08yg7mm5l8fdg4aa6yf0tfy7ehmgasdh758,372,,0
elys1kmk7z7hkc6ndpcedteck4548fnn3nexw4f5347,elys1kmk7z7hkc6ndpcedteck4548fnn3nexw4f5347,372,,0
elys1vt5evepveyh5kjc5kjaxtdz8wdy6636chju28a,elys1vt5evepveyh5kjc5kjaxtdz8wdy6636chju28a,372,,0
elys18hn05vtj5raujcjd2u9q4fp0dhcrmahh6m5xh4,elys18hn05vtj5raujcjd2u9q4fp0dhcrmahh6m5xh4,372,,0
elys1pp8pxjulhetpf0ewt3w0735v7zzeg6z8vs7hr0,elys1pp8pxjulhetpf0ewt3w0735v7zzeg6z8vs7hr0,372,,0
elys1wclhrv0v8trutnjgr9u8ntjcx6fk8zarvtd9w2,elys1wclhrv0v8trutnjgr9u8ntjcx6fk8zarvtd9w2,372,,0
elys1qm09l5ktw6s6exta8marte5rmuhffyswnv3tq9,elys1qm09l5ktw6s6exta8marte5rmuhffyswnv3tq9,372,,0
elys12lclyrgypj7p0c4m5rr9al93ngp45gjedyptga,elys12lclyrgypj7p0c4m5rr9al93ngp45gjedyptga,372,,0
elys1cmg7he3rtxemmdccq5tny0avrrzq4798dls6ge,elys1cmg7he3rtxemmdccq5tny0avrrzq4798dls6ge,372,,0
elys1dxy35pljr6npukye5ve3rnga3dhnra987usu7y,elys1dxy35pljr6npukye5ve3rnga3dhnra987usu7y,372,,0
elys1ghqyejcdr4sqjl8kg840n0hd3hlarkycn8580m,elys1ghqyejcdr4sqjl8kg840n0hd3hlarkycn8580m,372,,0
elys1gsyssnqfjqefwhcj895lql98uuumtt2wjhvqd2,elys1gsyssnqfjqefwhcj895lql98uuumtt2wjhvqd2,372,,0
elys1wpuawxu2rtr0ssqew3qm3hja82lmcn7cfkq44n,elys1wpuawxu2rtr0ssqew3qm3hja82lmcn7cfkq44n,372,,0
elys1g43662df0afgd7q6xvn8eqkpcsyuw3krkz7azt,elys1g43662df0afgd7q6xvn8eqkpcsyuw3krkz7azt,372,,0
elys1xk0nqswytkdufzwahqnpkyev3w34dedp5shegd,elys1xk0nqswytkdufzwahqnpkyev3w34dedp5shegd,372,,0
elys17t7z6gnn9qdzh6sqr34n03hcpwkfd77urxeulx,elys17t7z6gnn9qdzh6sqr34n03hcpwkfd77urxeulx,372,,0
elys1rxxqlr7qj2fmwlz5e7v4ymxmpzspzst2lnh8nz,elys1rxxqlr7qj2fmwlz5e7v4ymxmpzspzst2lnh8nz,372,,0
elys1jcxf482t5hqyx0gqsfae7yz7p2jsekvyhhv534,elys1jcxf482t5hqyx0gqsfae7yz7p2jsekvyhhv534,372,,0
elys1kwmk8mfrna308nm0jftrgravuuwuuk3fyqyvxh,elys1kwmk8mfrna308nm0jftrgravuuwuuk3fyqyvxh,372,,0
elys1686ll6tlxcw3xy4h5jfkf7lutlvxg00gzts0ag,elys1686ll6tlxcw3xy4h5jfkf7lutlvxg00gzts0ag,372,,0
elys1tvfggynym5nmh8rldvpch90g4v6x7dzdcrs5ea,elys1tvfggynym5nmh8rldvpch90g4v6x7dzdcrs5ea,372,,0
elys1xe5x8u4hlxq2mewymwdet6e8j7g0jf86q26767,elys1xe5x8u4hlxq2mewymwdet6e8j7g0jf86q26767,372,,0
elys1zytxq8n9jen4c49glmrl6ve9092qp68f24arge,elys1zytxq8n9jen4c49glmrl6ve9092qp68f24arge,372,,0
elys1nwl7gkgz464w8537vtcggmu0q97k69ju40at5a,elys1nwl7gkgz464w8537vtcggmu0q97k69ju40at5a,372,,0
elys1wzele4enmzppy8pd6rxltsp7c0pjftqn7ml6at,elys1wzele4enmzppy8pd6rxltsp7c0pjftqn7ml6at,372,,0
elys1gah07uhun5rc86udkrf7aj52ugdxxdmttz4sk8,elys1gah07uhun5rc86udkrf7aj52ugdxxdmttz4sk8,372,,0
elys17c6fxz6m6jh9gqhsvvl95tqa27wmr7r24zpjh9,elys17c6fxz6m6jh9gqhsvvl95tqa27wmr7r24zpjh9,372,,0
elys1dhwc73cg89f05wn8e49yc4nnr39ymn07v45f02,elys1dhwc73cg89f05wn8e49yc4nnr39ymn07v45f02,372,,0
elys1j6v544e24c5uk7tygfwgea45jz8j4ysxrd96xx,elys1j6v544e24c5uk7tygfwgea45jz8j4ysxrd96xx,372,,0
elys1s2la039ked8qa8jgtszzr39uqc2m6alpksjyag,elys1s2la039ked8qa8jgtszzr39uqc2m6alpksjyag,372,,0
elys1qxcg9wtku4f0cl3wm5amfc3zcve27a2avw4gnr,elys1qxcg9wtku4f0cl3wm5amfc3zcve27a2avw4gnr,372,,0
elys10m8cwkjt3xuwyyz6th8y6khaqqvuvlmezxd9aa,elys10m8cwkjt3xuwyyz6th8y6khaqqvuvlmezxd9aa,372,,0
elys1d2lyjh25rmsn0u2ex0v5l8wcur53en06jjqsqy,elys1d2lyjh25rmsn0u2ex0v5l8wcur53en06jjqsqy,372,,0
elys1crznkp23uzuylpj3jnac22kn9gayw5sd528aja,elys1crznkp23uzuylpj3jnac22kn9gayw5sd528aja,372,,0
elys1spd6sfrkf4m6mx0rrdxqdyturpq6eqdfm3h08x,elys1spd6sfrkf4m6mx0rrdxqdyturpq6eqdfm3h08x,372,,0
elys1nmpuqxrer5357d8jwhmymkm7d53tvcks27dw8n,elys1nmpuqxrer5357d8jwhmymkm7d53tvcks27dw8n,372,,0
elys1n0z409ndz4kwla4q2mdxm8nd282lx5dnt6yq07,elys1n0z409ndz4kwla4q2mdxm8nd282lx5dnt6yq07,372,,0
elys18esdx9sf8n44dw97n3htyrjw6jnqmkzuz7xz2q,elys18esdx9sf8n44dw97n3htyrjw6jnqmkzuz7xz2q,372,,0
elys12l7drlyudsww0sep85gfcj3n3xf6r208n6re4l,elys12l7drlyudsww0sep85gfcj3n3xf6r208n6re4l,372,,0
elys1rtlph5fyygrnhqxndrll9f8vdn48fu75lhr2v5,elys1rtlph5fyygrnhqxndrll9f8vdn48fu75lhr2v5,372,,0
elys170c0l56d6kqmxr5rre0f9cw2e92rh9mhpww8nq,elys170c0l56d6kqmxr5rre0f9cw2e92rh9mhpww8nq,372,,0
elys1h4pycycmjh7ye4u028l2gu3pqcrjhgq8k8syht,elys1h4pycycmjh7ye4u028l2gu3pqcrjhgq8k8syht,372,,0
elys1ypzqdjgfh8vm7ka0nps20wf96jqdcrg8xdj2h8,elys1ypzqdjgfh8vm7ka0nps20wf96jqdcrg8xdj2h8,372,,0
elys1zsw6hn5d5cjwz7js4jjm0qd33zarhrmqxtawgj,elys1zsw6hn5d5cjwz7js4jjm0qd33zarhrmqxtawgj,372,,0
elys19cuk0pu4wc8wnfsx4zsszcsz2een066c0f666w,elys19cuk0pu4wc8wnfsx4zsszcsz2een066c0f666w,372,,0
elys1f0kcpeuys5mhdcpq87xmgh4vny8vwkl0ag32q9,elys1f0kcpeuys5mhdcpq87xmgh4vny8vwkl0ag32q9,372,,0
elys17dy5htsncg7mjyf68ecqqangrrgqjst48c7v4u,elys17dy5htsncg7mjyf68ecqqangrrgqjst48c7v4u,372,,0
elys1a0gu6ul05w67f3lmem8lmlym9xjk5hjt0lq7vc,elys1a0gu6ul05w67f3lmem8lmlym9xjk5hjt0lq7vc,372,,0
elys1skhzdm3n4h9e698hsgv6l67luncw354fu52zyj,elys1skhzdm3n4h9e698hsgv6l67luncw354fu52zyj,372,,0
elys1qqurjlta2xs0py035rcavxy7dtpjg5jhuz9rlu,elys1qqurjlta2xs0py035rcavxy7dtpjg5jhuz9rlu,372,,0
elys1kge7xjpfvspwrdhfkp7vchmm73s8uzcxg2rn7g,elys1kge7xjpfvspwrdhfkp7vchmm73s8uzcxg2rn7g,372,,0
elys1v6sw9s9j669rfqlsyg77cp46a3g08zyjpqe7al,elys1v6sw9s9j669rfqlsyg77cp46a3g08zyjpqe7al,372,,0
elys1dqn7t9dqtgsjw3m9zvnfkzf6pspglc07shkt3g,elys1dqn7t9dqtgsjw3m9zvnfkzf6pspglc07shkt3g,372,,0
elys1sm2wxa7wheczfpf7qpkc3jy74gl3wjksw7ggaf,elys1sm2wxa7wheczfpf7qpkc3jy74gl3wjksw7ggaf,372,,0
elys1ymusyrwtmlxdv7u54ruxth6scat9nvy4wz6n04,elys1ymusyrwtmlxdv7u54ruxth6scat9nvy4wz6n04,372,,0
elys1mnnlj8kulcshmh4vn5vr03cztcqgsup03ulsc9,elys1mnnlj8kulcshmh4vn5vr03cztcqgsup03ulsc9,372,,0
elys1yy9m72m3wte2g4q42p2w2nup83gvrwe60munuc,elys1yy9m72m3wte2g4q42p2w2nup83gvrwe60munuc,372,,0
elys1v98zt7hjmnf9hupz9fhu5q4q5cvdjgak2ng337,elys1v98zt7hjmnf9hupz9fhu5q4q5cvdjgak2ng337,372,,0
elys1s3g756xdpxfnk8cg63ar5e0e9kmacfl4w8vrkg,elys1s3g756xdpxfnk8cg63ar5e0e9kmacfl4w8vrkg,372,,0
elys102gzjnynzuejawsvndrnwl8tqzszyh0att7vur,elys102gzjnynzuejawsvndrnwl8tqzszyh0att7vur,372,,0
elys1hthcymqwvymcp0uhhy6s0psmqeq72e2ewppdqy,elys1hthcymqwvymcp0uhhy6s0psmqeq72e2ewppdqy,372,,0
elys1lgjqa37h6ulyufcngzhuxcw6fuhuyguqehpzu5,elys1lgjqa37h6ulyufcngzhuxcw6fuhuyguqehpzu5,372,,0
elys1s5j7y6tnn7nlg884dl0agfv44a5tqjampyww2m,elys1s5j7y6tnn7nlg884dl0agfv44a5tqjampyww2m,372,,0
elys1n6v5rvf63cf3j0hmy0rcv9pksg9sxy4zas36xd,elys1n6v5rvf63cf3j0hmy0rcv9pksg9sxy4zas36xd,372,,0
elys18k5yh8nk2tkxygckx25qlw68uw7wush5y2l0nd,elys18k5yh8nk2tkxygckx25qlw68uw7wush5y2l0nd,372,,0
elys1tcfusja8ekyxjkmguvfyfm5jl2jl20pxmyznaj,elys1tcfusja8ekyxjkmguvfyfm5jl2jl20pxmyznaj,372,,0
elys18c6e3ap85emlddz32f75u0kdf5jrk9ced5k9m9,elys18c6e3ap85emlddz32f75u0kdf5jrk9ced5k9m9,372,,0
elys1deufchzvjg9g2xklvy9j4g9aw5mqhc4txmavzh,elys1deufchzvjg9g2xklvy9j4g9aw5mqhc4txmavzh,372,,0
elys1xlx2uhfmxj5hhytmzwcffxzx3xmjmj3nkdgv0q,elys1xlx2uhfmxj5hhytmzwcffxzx3xmjmj3nkdgv0q,372,,0
elys1p9sw6j26d2k2lqdfdw257l75ukclez56rwczyy,elys1p9sw6j26d2k2lqdfdw257l75ukclez56rwczyy,372,,0
elys1rn53wgd3jmghpqv3dvuf8s2d6ahmme8udg6cx3,elys1rn53wgd3jmghpqv3dvuf8s2d6ahmme8udg6cx3,372,,0
elys1svlfdw0tn73h4klqzpkf60z20z3np3ddctmyyw,elys1svlfdw0tn73h4klqzpkf60z20z3np3ddctmyyw,372,,0
elys1ckq4e6ss9va5fw9k45ymdnteuyc3f9wyk7hhkn,elys1ckq4e6ss9va5fw9k45ymdnteuyc3f9wyk7hhkn,372,,0
elys12waf3xrl27pg4csyrdf2g8y8dv24l2jlvrwp4r,elys12waf3xrl27pg4csyrdf2g8y8dv24l2jlvrwp4r,372,,0
elys1tg4lhwc0rqrja53nl5ksxuwvax2yefvhjxcmmg,elys1tg4lhwc0rqrja53nl5ksxuwvax2yefvhjxcmmg,372,,0
elys1scqvstk4wlpunyz5c808rl0n4v24jr0f9qc6eg,elys1scqvstk4wlpunyz5c808rl0n4v24jr0f9qc6eg,372,,0
elys1e7qk2kj458yxwww4rxh98fea9ahw9uq7k0kdv5,elys1e7qk2kj458yxwww4rxh98fea9ahw9uq7k0kdv5,372,,0
elys17645ef6rynx2x5uztgjfjq5m62k3q0cux7vtzd,elys17645ef6rynx2x5uztgjfjq5m62k3q0cux7vtzd,372,,0
elys1nfuyz0656xfpfqq38nrnly6gxjg5nhwg9cye7g,elys1nfuyz0656xfpfqq38nrnly6gxjg5nhwg9cye7g,372,,0
elys19mf5gnndk5qs6vh8h3zvlxn7x73y08s8n8w9vx,elys19mf5gnndk5qs6vh8h3zvlxn7x73y08s8n8w9vx,372,,0
elys1vujz0jwzwd9ht6jjg6sq6qryksl54vrufvlmp5,elys1vujz0jwzwd9ht6jjg6sq6qryksl54vrufvlmp5,372,,0
elys1nfmh4nthq2mxelp987fac4892dtc4djwypm7ym,elys1nfmh4nthq2mxelp987fac4892dtc4djwypm7ym,372,,0
elys1ed58f6wavepkxhl4h4jyuljt5u8jmhrwvffyfg,elys1ed58f6wavepkxhl4h4jyuljt5u8jmhrwvffyfg,372,,0
elys10mgm5lzzq356yfcytnavsxectdpe3kwvcff49t,elys10mgm5lzzq356yfcytnavsxectdpe3kwvcff49t,372,,0
elys14rmdxftvvqas547azl8tr2s9unynmjartjhtnj,elys14rmdxftvvqas547azl8tr2s9unynmjartjhtnj,372,,0
elys1tfcy7wvxqar0n4zq26uts42d4vh3vpjer70t2s,elys1tfcy7wvxqar0n4zq26uts42d4vh3vpjer70t2s,372,,0
elys18wh6r5escah3798kafny6vkr8s8pc3fcewwazh,elys18wh6r5escah3798kafny6vkr8s8pc3fcewwazh,372,,0
elys1f55vm4t9tw0zsr4eqe0sp4wjtxcggx83geepp7,elys1f55vm4t9tw0zsr4eqe0sp4wjtxcggx83geepp7,372,,0
elys1vvy8g6amqexhz9wn8vtepkgczp7a5c7alt8u5p,elys1vvy8g6amqexhz9wn8vtepkgczp7a5c7alt8u5p,372,,0
elys1h8ttwf6xzsqq4grgk9w6q3y5yts49dzmhcaczk,elys1h8ttwf6xzsqq4grgk9w6q3y5yts49dzmhcaczk,372,,0
elys1y97cppg563cc3d070dvsgf5cdmx6uu9ta6njw8,elys1y97cppg563cc3d070dvsgf5cdmx6uu9ta6njw8,372,,0
elys1r4w0aj05479h73m5j4zrcd4rzhmmwtl03jecvy,elys1r4w0aj05479h73m5j4zrcd4rzhmmwtl03jecvy,372,,0
elys1fnw5xkmn2l67l97j3mq4xj0cg3vhywxmdkhzu3,elys1fnw5xkmn2l67l97j3mq4xj0cg3vhywxmdkhzu3,372,,0
elys19rlvshhja3xkkc3n8ahzxxmffshn6cxwlw8s2m,elys19rlvshhja3xkkc3n8ahzxxmffshn6cxwlw8s2m,372,,0
elys1mx9cjlwj272vma3rmksfhetww46w0wfwgpklpf,elys1mx9cjlwj272vma3rmksfhetww46w0wfwgpklpf,372,,0
elys10tc7vx4jqdakzg9n8vd0gqqp4n6ven43eg9t7n,elys10tc7vx4jqdakzg9n8vd0gqqp4n6ven43eg9t7n,372,,0
elys1r4g8vyme37cxk2wkl55ettl99ufr8nawgq2vvw,elys1r4g8vyme37cxk2wkl55ettl99ufr8nawgq2vvw,372,,0
elys1adkvh8r557anec0t04sctyx275lnh2hcedtmy8,elys1adkvh8r557anec0t04sctyx275lnh2hcedtmy8,372,,0
elys1yhsjguwqtnxe308qqryzjmcff0c2ul5jvp289k,elys1yhsjguwqtnxe308qqryzjmcff0c2ul5jvp289k,372,,0
elys1grlfe5w5yt4l3pzyt7d4e2zcznewxhw3uamkv0,elys1grlfe5w5yt4l3pzyt7d4e2zcznewxhw3uamkv0,372,,0
elys19xz7d8wjpwxc8xfp8y55qvdsqpsnpql0fedtkn,elys19xz7d8wjpwxc8xfp8y55qvdsqpsnpql0fedtkn,372,,0
elys1tapvntnssnm4vqqqh8jxnv0fswc87nh9gncvrn,elys1tapvntnssnm4vqqqh8jxnv0fswc87nh9gncvrn,372,,0
elys1cmnnpqdj5j3sr560nzzl8avrl5c0z3ky2ptzjp,elys1cmnnpqdj5j3sr560nzzl8avrl5c0z3ky2ptzjp,372,,0
elys1p4wxarept0vhet0zyh4em7yjclql8c7jnlpnkq,elys1p4wxarept0vhet0zyh4em7yjclql8c7jnlpnkq,372,,0
elys1qnzypl92yssha2hj2evne93jgnh7mz7jwk8nj8,elys1qnzypl92yssha2hj2evne93jgnh7mz7jwk8nj8,372,,0
elys1sxyvk4eqd9m8rrn2qst67waycj3mkka2fkpjfp,elys1sxyvk4eqd9m8rrn2qst67waycj3mkka2fkpjfp,372,,0
elys1ztr4rdt2uefgqgjnd4e2ztyy3966hknnefkvzl,elys1ztr4rdt2uefgqgjnd4e2ztyy3966hknnefkvzl,372,,0
elys1gg7423yff8mqae6fj73vpxv74q5dgzzeqq407d,elys1gg7423yff8mqae6fj73vpxv74q5dgzzeqq407d,372,,0
elys137kzfp6kjeamyswhjwkj3jux806thzdg4jen2u,elys137kzfp6kjeamyswhjwkj3jux806thzdg4jen2u,372,,0
elys166zyntntuu2ergjp3cqcfxqjzrg777tacr70hc,elys166zyntntuu2ergjp3cqcfxqjzrg777tacr70hc,372,,0
elys18dsr6z7w8xw2wrgephceq6v0udnezj0rph62ed,elys18dsr6z7w8xw2wrgephceq6v0udnezj0rph62ed,372,,0
elys1n7r4uyykyms9y8hgqvnxqjlqrrnjq29axld6uc,elys1n7r4uyykyms9y8hgqvnxqjlqrrnjq29axld6uc,372,,0
elys1tfhdesnqxhlg66yw78q9y7gclkwsh0u37x7s78,elys1tfhdesnqxhlg66yw78q9y7gclkwsh0u37x7s78,372,,0
elys126m50setst7a04lnnm0fdpj9gzca07q3d6yqn3,elys126m50setst7a04lnnm0fdpj9gzca07q3d6yqn3,372,,0
elys13y52g79ldatn09075exj7adm52zyvy705xxfxn,elys13y52g79ldatn09075exj7adm52zyvy705xxfxn,372,,0
elys1tg9ug3hj29sxu78mvamyqnx3u6rsk5wya88r5u,elys1tg9ug3hj29sxu78mvamyqnx3u6rsk5wya88r5u,372,,0
elys179urwhjmhuphzc4f58z4du988tlkysz0t3yued,elys179urwhjmhuphzc4f58z4du988tlkysz0t3yued,372,,0
elys1clhv0yaq7fqxp5dgrvd72r578jrs532v3vx574,elys1clhv0yaq7fqxp5dgrvd72r578jrs532v3vx574,372,,0
elys1ksjhwddqajz5qljmpdnmme2t95eznxfxld5rzc,elys1ksjhwddqajz5qljmpdnmme2t95eznxfxld5rzc,372,,0
elys1cpny5xfmxwq7ew5u3u0rskcvutt34e2yg5snzy,elys1cpny5xfmxwq7ew5u3u0rskcvutt34e2yg5snzy,372,,0
elys1ehvtqgqs5snpwa93mmw0rkjptcr09fghstluk0,elys1ehvtqgqs5snpwa93mmw0rkjptcr09fghstluk0,372,,0
elys1aln73e4qdyedy2ncy8fx4te0mqedp86yfrrgfq,elys1aln73e4qdyedy2ncy8fx4te0mqedp86yfrrgfq,372,,0
elys1fmla3604gd6z74xwm922zshnjkq7f09k0xdtgy,elys1fmla3604gd6z74xwm922zshnjkq7f09k0xdtgy,372,,0
elys1kz7gyyzdw95sjghfmlxsu53lph892xpx93v559,elys1kz7gyyzdw95sjghfmlxsu53lph892xpx93v559,372,,0
elys1rejzquk5sncw0aw6uq5m2prpxvspjnqtd52lza,elys1rejzquk5sncw0aw6uq5m2prpxvspjnqtd52lza,372,,0
elys1rup5dqssvaks8yenqn8lzm9z0t73kapv5vu0xq,elys1rup5dqssvaks8yenqn8lzm9z0t73kapv5vu0xq,372,,0
elys1ygqcg2v3qej563xtcwxtkjjnna096gt7uc2f6v,elys1ygqcg2v3qej563xtcwxtkjjnna096gt7uc2f6v,372,,0
elys10t5ygha7f47579gk8cs7e94ass3tj8v2qchwg5,elys10t5ygha7f47579gk8cs7e94ass3tj8v2qchwg5,372,,0
elys1xr9u3tynw8vwkwccdq8af27rnd9ggvpk78q696,elys1xr9u3tynw8vwkwccdq8af27rnd9ggvpk78q696,372,,0
elys1htq0cs4jaaszthjvegkjrv822cr4v95vt3asqa,elys1htq0cs4jaaszthjvegkjrv822cr4v95vt3asqa,372,,0
elys14stcgs2yflcavpjr44w86emks337chx6znrcpn,elys14stcgs2yflcavpjr44w86emks337chx6znrcpn,372,,0
elys1vkerl4d9uzuahlkxlfjd4dzhn97hkf9nn7r748,elys1vkerl4d9uzuahlkxlfjd4dzhn97hkf9nn7r748,372,,0
elys1m2fxgtqkw8yfh7qr0zznrlwev93hkydm6tgqk4,elys1m2fxgtqkw8yfh7qr0zznrlwev93hkydm6tgqk4,372,,0
elys1p3234c2s924vscsju72pwhzrqt0m0y0cxkx0dm,elys1p3234c2s924vscsju72pwhzrqt0m0y0cxkx0dm,372,,0
elys17v8nctuam9gn0sp4a9jdh4sy6eshdt9lgw7yux,elys17v8nctuam9gn0sp4a9jdh4sy6eshdt9lgw7yux,372,,0
elys1eqpmwmwacn38x6e6fsc7w9pzelmufavmea0emj,elys1eqpmwmwacn38x6e6fsc7w9pzelmufavmea0emj,372,,0
elys1r6knf70m2dlfljh9aqk87ldwvxshajj3muvn0p,elys1r6knf70m2dlfljh9aqk87ldwvxshajj3muvn0p,372,,0
elys18q7x5pgk6q0jr8c875jxqurm4ftatfas7uuq70,elys18q7x5pgk6q0jr8c875jxqurm4ftatfas7uuq70,372,,0
elys1dlkr3zq5fvcdda95jpduuvd0eql6943t2xm3md,elys1dlkr3zq5fvcdda95jpduuvd0eql6943t2xm3md,372,,0
elys189lwly80kvgjn6km5jlpsn2zgug9trtv48zlc6,elys189lwly80kvgjn6km5jlpsn2zgug9trtv48zlc6,372,,0
elys1f0vedfydt8a5eq7gvyc8wwtpn96k4m54qhprur,elys1f0vedfydt8a5eq7gvyc8wwtpn96k4m54qhprur,372,,0
elys13u5tllqrq2u6vslkdqxrywe7mrjnfc7r9vlysj,elys13u5tllqrq2u6vslkdqxrywe7mrjnfc7r9vlysj,372,,0
elys1sjrye0v2reeuz3kvugdyn3qdkdhm0yt82zz0u6,elys1sjrye0v2reeuz3kvugdyn3qdkdhm0yt82zz0u6,372,,0
elys1txtlppw3aepa5pfasrdpj4ww9zrc8ds9ugqc4f,elys1txtlppw3aepa5pfasrdpj4ww9zrc8ds9ugqc4f,372,,0
elys16ww0xyrh3cwr8s7pyt4mn797gxhvlvd3sm48r5,elys16ww0xyrh3cwr8s7pyt4mn797gxhvlvd3sm48r5,372,,0
elys1tdxu5dvg9pq5dj0lgndcushwg8yx7xmkrm8sqf,elys1tdxu5dvg9pq5dj0lgndcushwg8yx7xmkrm8sqf,372,,0
elys1yv2dqaxe86qza6lvepvrs282yht7mh27dyguzm,elys1yv2dqaxe86qza6lvepvrs282yht7mh27dyguzm,372,,0
elys1xx64nu0xgxeefstl5v72nlgsy8f73w0tmnvmza,elys1xx64nu0xgxeefstl5v72nlgsy8f73w0tmnvmza,372,,0
elys19mrfdeq4gl6fx5srsu2w8a8f9vcxha8e29cnc7,elys19mrfdeq4gl6fx5srsu2w8a8f9vcxha8e29cnc7,372,,0
elys1v8myazx8gr0c9y27us7qs6dxasqcq88nu9s462,elys1v8myazx8gr0c9y27us7qs6dxasqcq88nu9s462,372,,0
elys17khs75h8rhnvtvlwrfa84tcm2sdmw8thaxnufx,elys17khs75h8rhnvtvlwrfa84tcm2sdmw8thaxnufx,372,,0
elys1x5nfacmsujthl26v26qwexdcacfcxy855wmrls,elys1x5nfacmsujthl26v26qwexdcacfcxy855wmrls,372,,0
elys189d8558tnytm9suqu5rl9y4g9g6cdguq5n3ha6,elys189d8558tnytm9suqu5rl9y4g9g6cdguq5n3ha6,372,,0
elys1glw20lq2g8vpptxpph6adhp2qpdyzdgzr92upd,elys1glw20lq2g8vpptxpph6adhp2qpdyzdgzr92upd,372,,0
elys1w4pjkrel2quxx0wzmpmyx79nqwe8aqd59fuqv3,elys1w4pjkrel2quxx0wzmpmyx79nqwe8aqd59fuqv3,372,,0
elys1xh5j9p35rrgek0ptz0ghuah2nwkgfq5dcuuk0m,elys1xh5j9p35rrgek0ptz0ghuah2nwkgfq5dcuuk0m,372,,0
elys16tyavrstn6jnuweu6dsqlmuk0y9fqx26t203l9,elys16tyavrstn6jnuweu6dsqlmuk0y9fqx26t203l9,372,,0
elys1e600c6xgt9hh0us3q5cmuhnf5fw538464hswuy,elys1e600c6xgt9hh0us3q5cmuhnf5fw538464hswuy,372,,0
elys1k0s2arxxqa2ewn30sa87ycpcskzl56y0dfkwe0,elys1k0s2arxxqa2ewn30sa87ycpcskzl56y0dfkwe0,372,,0
elys1n7suk7lzuam5yhlvdvlsmejn3t3r6n763t43ed,elys1n7suk7lzuam5yhlvdvlsmejn3t3r6n763t43ed,372,,0
elys1k698akeglztzg6gcm2599xgn4q069g8xy9azak,elys1k698akeglztzg6gcm2599xgn4q069g8xy9azak,372,,0
elys1dlpuqpmx924mkzzzwfynatmmrue5gg85dh5akx,elys1dlpuqpmx924mkzzzwfynatmmrue5gg85dh5akx,372,,0
elys19xuw9jpgvnlyukyv5mz9387n6seuql7l0l7vcv,elys19xuw9jpgvnlyukyv5mz9387n6seuql7l0l7vcv,372,,0
elys13atdtje5cpesransle36sfte0u2kz5xa4k4p6k,elys13atdtje5cpesransle36sfte0u2kz5xa4k4p6k,372,,0
elys1nstj4l63gjl4gg4kuar77t0p4vdk48q3tzq504,elys1nstj4l63gjl4gg4kuar77t0p4vdk48q3tzq504,372,,0
elys1673nlawtsck3m5y44uknddjf2dxsrye5epml6q,elys1673nlawtsck3m5y44uknddjf2dxsrye5epml6q,372,,0
elys194mpe2m3gdg0mpfvxyj4tvttkhztjdl8gm43ld,elys194mpe2m3gdg0mpfvxyj4tvttkhztjdl8gm43ld,372,,0
elys13v3sehsjmma5hj6maylj993ydhls39cew0trc5,elys13v3sehsjmma5hj6maylj993ydhls39cew0trc5,372,,0
elys1rlyazlxw425kj4cacp0ef8eutyz8wzmlswegx2,elys1rlyazlxw425kj4cacp0ef8eutyz8wzmlswegx2,372,,0
elys1e2ydp6u5m5wqulmq0zzw6mhks7uja57hvaxf4k,elys1e2ydp6u5m5wqulmq0zzw6mhks7uja57hvaxf4k,372,,0
elys1g0cr326krpvfkuv96n7yw5wsyv0y7a2u5c29xe,elys1g0cr326krpvfkuv96n7yw5wsyv0y7a2u5c29xe,372,,0
elys1f4k7m68v97f97lpc7e79ll0pv69xx7p8sfc0rr,elys1f4k7m68v97f97lpc7e79ll0pv69xx7p8sfc0rr,372,,0
elys1ve84qzcpra0l6hzdzr9k29j3yg6kjwup47hk7x,elys1ve84qzcpra0l6hzdzr9k29j3yg6kjwup47hk7x,372,,0
elys1rgf3eheqxvr92mq5h2kpg5slralmw3rnywr0cc,elys1rgf3eheqxvr92mq5h2kpg5slralmw3rnywr0cc,372,,0
elys1kg7djfj2guwzjlpvwvt5vqk6nv7maxg8304kw7,elys1kg7djfj2guwzjlpvwvt5vqk6nv7maxg8304kw7,372,,0
elys1mw4d4r87jskja5rs3ar5txfys3vvy7x46fn4x3,elys1mw4d4r87jskja5rs3ar5txfys3vvy7x46fn4x3,372,,0
elys1vnfy723vptpwnj7h6ncu536mtypxygpzvst7ah,elys1vnfy723vptpwnj7h6ncu536mtypxygpzvst7ah,372,,0
elys10h5qkujhw8jnztppngtjtg5wy2ma9xwqte5c6z,elys10h5qkujhw8jnztppngtjtg5wy2ma9xwqte5c6z,372,,0
elys1cy6ydatymvpza3j37daj836xs6hc5lxkcgh7xt,elys1cy6ydatymvpza3j37daj836xs6hc5lxkcgh7xt,372,,0
elys1pnc9eujjldn69a7g7t9wmm7pvfn678j0dtckwm,elys1pnc9eujjldn69a7g7t9wmm7pvfn678j0dtckwm,372,,0
elys1suycx8txkaqemys6v5d507372c0cnyu7vsxfzw,elys1suycx8txkaqemys6v5d507372c0cnyu7vsxfzw,372,,0
elys1hcmrhvy7qjusc54mvr6mcjk7u7du773s4xjedy,elys1hcmrhvy7qjusc54mvr6mcjk7u7du773s4xjedy,372,,0
elys1wygsp6depahahyg8zn0q5w358gceh5sy7wf6dw,elys1wygsp6depahahyg8zn0q5w358gceh5sy7wf6dw,372,,0
elys1upd2lu76fkgtacfadtce32ehcy9m7gzl438qz7,elys1upd2lu76fkgtacfadtce32ehcy9m7gzl438qz7,372,,0
elys1wv5a4quvyg7rugg99wj9l2n8ardg6ccys8tsdp,elys1wv5a4quvyg7rugg99wj9l2n8ardg6ccys8tsdp,372,,0
elys1txczzt8eruvx6ut4r8h0vc8zdedyuzfaxc4ese,elys1txczzt8eruvx6ut4r8h0vc8zdedyuzfaxc4ese,372,,0
elys14xwtvm26wg7aenzfkdx5d9q7dg06adp0wzlpn0,elys14xwtvm26wg7aenzfkdx5d9q7dg06adp0wzlpn0,372,,0
elys12hwjyrdp8mzk54ut6p4teslq3ksslwrpyvhazq,elys12hwjyrdp8mzk54ut6p4teslq3ksslwrpyvhazq,372,,0
elys1mt09senztcup2mss88mpnd8ldlqns3tara3dx6,elys1mt09senztcup2mss88mpnd8ldlqns3tara3dx6,372,,0
elys1xer577kat520g9cc8cvcplktzrt5wcjhgtfrxh,elys1xer577kat520g9cc8cvcplktzrt5wcjhgtfrxh,372,,0
elys1ff5gxykrqasuj3k689kk7ley7hz552e56cmm0s,elys1ff5gxykrqasuj3k689kk7ley7hz552e56cmm0s,372,,0
elys1jlw0fszfhh2q85scydy55dsrw3ferjjyyetdl6,elys1jlw0fszfhh2q85scydy55dsrw3ferjjyyetdl6,372,,0
elys198zfuymtmvt2r40cjy3mqerquz0v0adxdt4qgs,elys198zfuymtmvt2r40cjy3mqerquz0v0adxdt4qgs,372,,0
elys12x8lyws2srhpzr9cvfkx2y5c7dnghfy2v062rx,elys12x8lyws2srhpzr9cvfkx2y5c7dnghfy2v062rx,372,,0
elys16fudeln2gt8yzjxyun4htk50xpppengv3x9u08,elys16fudeln2gt8yzjxyun4htk50xpppengv3x9u08,372,,0
elys1feur3exaph0k52qrs8cuzj6x73c92a3jhp5kkf,elys1feur3exaph0k52qrs8cuzj6x73c92a3jhp5kkf,372,,0
elys1hmgpengvmgc4w4wr03hrmpcqluhf78qmkr08cd,elys1hmgpengvmgc4w4wr03hrmpcqluhf78qmkr08cd,372,,0
elys13rtl5gylg99vp9l2868sn6nny069c6cvkn32l5,elys13rtl5gylg99vp9l2868sn6nny069c6cvkn32l5,372,,0
elys1s9hnn9p5ap80x9374mq38rxua7ruxqxtxtl870,elys1s9hnn9p5ap80x9374mq38rxua7ruxqxtxtl870,372,,0
elys1xukpeq3q0s8gehu9xucs2fr7fzlqtqdludecqe,elys1xukpeq3q0s8gehu9xucs2fr7fzlqtqdludecqe,372,,0
elys1ftur02jz8ve7pf8260djflda450nj5krjgfaas,elys1ftur02jz8ve7pf8260djflda450nj5krjgfaas,372,,0
elys1j74zlupjmarvnyhy7scpwd6egrhu3gkzk3p3r2,elys1j74zlupjmarvnyhy7scpwd6egrhu3gkzk3p3r2,372,,0
elys10ezdjttdsdr4wcwrmt5yxql57zvkxtys8aynsf,elys10ezdjttdsdr4wcwrmt5yxql57zvkxtys8aynsf,372,,0
elys19el7qzcv86z9wcqjql266n68jlf2kl70nlvq24,elys19el7qzcv86z9wcqjql266n68jlf2kl70nlvq24,372,,0
elys15c7qlp3lwkf5s27rvajddhuu60h8lqk4ytv3cv,elys15c7qlp3lwkf5s27rvajddhuu60h8lqk4ytv3cv,372,,0
elys1dq38sahlh9mtn3j4j4khl423w5m8dw8sldmx2v,elys1dq38sahlh9mtn3j4j4khl423w5m8dw8sldmx2v,372,,0
elys14wpl8ylafdl90stlvtr6cpc867zxu5a94ur5sa,elys14wpl8ylafdl90stlvtr6cpc867zxu5a94ur5sa,372,,0
elys1uwtfx4kst8yfemrfhrza7dymq025pglun03hnm,elys1uwtfx4kst8yfemrfhrza7dymq025pglun03hnm,372,,0
elys1g8qynt25y7g87ah6dnwjmwt7t9fx6mjpxd00dy,elys1g8qynt25y7g87ah6dnwjmwt7t9fx6mjpxd00dy,372,,0
elys17f6qyz082rcdr2mk7m9u5aw7ry6f6x9v9n324c,elys17f6qyz082rcdr2mk7m9u5aw7ry6f6x9v9n324c,372,,0
elys1t7cd7psexmemxurzgpk90pwz78vj7ffk2px7uv,elys1t7cd7psexmemxurzgpk90pwz78vj7ffk2px7uv,372,,0
elys1cprnkgx2wmgzlxs6d3lknr30etyqmn665769wp,elys1cprnkgx2wmgzlxs6d3lknr30etyqmn665769wp,372,,0
elys10hvz04hh92xzct5hxnpsn5h2fp3p4ammuh90rx,elys10hvz04hh92xzct5hxnpsn5h2fp3p4ammuh90rx,372,,0
elys1rtnrz98dwwksmm84z3wlu6x6p49q7zfu89hyyy,elys1rtnrz98dwwksmm84z3wlu6x6p49q7zfu89hyyy,372,,0
elys1xnqxnyd66477xs68gdk8adh4d5tg9cnsgz4a2k,elys1xnqxnyd66477xs68gdk8adh4d5tg9cnsgz4a2k,372,,0
elys1sj3aq3x33sadq2rvk455wfv6wdsqwam5k552gz,elys1sj3aq3x33sadq2rvk455wfv6wdsqwam5k552gz,372,,0
elys1cl6whjcch5mfjwnty6ltgawrdz0fvhca589klr,elys1cl6whjcch5mfjwnty6ltgawrdz0fvhca589klr,372,,0
elys1z5437s7v792lepppt729taz3369kjelmtsr53r,elys1z5437s7v792lepppt729taz3369kjelmtsr53r,372,,0
elys17ctsn0rtdsygg3hsnz24wp0f7alph6d7a25dqm,elys17ctsn0rtdsygg3hsnz24wp0f7alph6d7a25dqm,372,,0
elys1yn36muvs70jgudz74xu0yr05slvxvszz2jd9w8,elys1yn36muvs70jgudz74xu0yr05slvxvszz2jd9w8,372,,0
elys1pg2l3len5ueu2anchzchwnlm2msus4u2ng2ayh,elys1pg2l3len5ueu2anchzchwnlm2msus4u2ng2ayh,372,,0
elys1hywfp8qteuaqnulrre9txxl7267cj6u0j3hwnk,elys1hywfp8qteuaqnulrre9txxl7267cj6u0j3hwnk,372,,0
elys1lkhsxela3kn5da6a52uv9fc7yxu5awr8hjfl0q,elys1lkhsxela3kn5da6a52uv9fc7yxu5awr8hjfl0q,372,,0
elys12p8p26k4mj7lhj9yvue79gn336tea93zjhnsdm,elys12p8p26k4mj7lhj9yvue79gn336tea93zjhnsdm,372,,0
elys1y7zfelflwnm9aaldd9xp5x4p8azn8vddxzhem3,elys1y7zfelflwnm9aaldd9xp5x4p8azn8vddxzhem3,372,,0
elys1lke8nmqnhdje4e48d2ganharxf67z8hk5ny5av,elys1lke8nmqnhdje4e48d2ganharxf67z8hk5ny5av,372,,0
elys1vmxy52qjkx75kfdzcs4faufsxkr9fhs0rw5suu,elys1vmxy52qjkx75kfdzcs4faufsxkr9fhs0rw5suu,372,,0
elys1gpaxtud6ch0t7q7lw08gd6ujmjrhlptejywgy3,elys1gpaxtud6ch0t7q7lw08gd6ujmjrhlptejywgy3,372,,0
elys1ndx6c8awp3e8prjzz3g2k8jumrg47ehzrafryl,elys1ndx6c8awp3e8prjzz3g2k8jumrg47ehzrafryl,372,,0
elys1hfcsxncn9gdexhttqxt3d47cagx2enx9n9pfvf,elys1hfcsxncn9gdexhttqxt3d47cagx2enx9n9pfvf,372,,0
elys1rugs5wkxmkfsdedxf24ea76wvmpnpljeh9leh6,elys1rugs5wkxmkfsdedxf24ea76wvmpnpljeh9leh6,372,,0
elys182aggv4072kv22mxh4l25kc8dztw6sgy2e5myp,elys182aggv4072kv22mxh4l25kc8dztw6sgy2e5myp,372,,0
elys1pw9tlvfk5eatz3hajp8sd5ekd9g57g0pm4eycy,elys1pw9tlvfk5eatz3hajp8sd5ekd9g57g0pm4eycy,372,,0
elys15583ddz9rsy3ajvsn7mhz0lx3g3lvjq8mxpjv5,elys15583ddz9rsy3ajvsn7mhz0lx3g3lvjq8mxpjv5,372,,0
elys1q7qxzstrqp7gx7n898yn9gnxkuemk3kh9k0ajz,elys1q7qxzstrqp7gx7n898yn9gnxkuemk3kh9k0ajz,372,,0
elys1n705mtwx02wn7rz3f3h6j05v7y67j44kvzaws9,elys1n705mtwx02wn7rz3f3h6j05v7y67j44kvzaws9,372,,0
elys1qudhml67zaqlepv4js97sj4a83483t9xj6skag,elys1qudhml67zaqlepv4js97sj4a83483t9xj6skag,372,,0
elys1gz25lck5a7hk9ryk0t4gwthp0ctn7cl73a43w6,elys1gz25lck5a7hk9ryk0t4gwthp0ctn7cl73a43w6,372,,0
elys1dvp3whxxvkn7zaa7gxrggkxef07fm8t9ha9reg,elys1dvp3whxxvkn7zaa7gxrggkxef07fm8t9ha9reg,372,,0
elys17jzg6zarsjmy5kurhnlqcss9t267mwgu980cgj,elys17jzg6zarsjmy5kurhnlqcss9t267mwgu980cgj,372,,0
elys1850emzx7y2pe2d74kuk0sh56c6jtu8nv6zprxn,elys1850emzx7y2pe2d74kuk0sh56c6jtu8nv6zprxn,372,,0
elys1y8r34w6w0czzmzw3w30kadhxyqv0yn66c5mser,elys1y8r34w6w0czzmzw3w30kadhxyqv0yn66c5mser,372,,0
elys1dxtpwk53ck7934xtn7ly38pf3fyjy5axtltvgq,elys1dxtpwk53ck7934xtn7ly38pf3fyjy5axtltvgq,372,,0
elys1dux2vvy0k9hrxt59qex78r94efl6hf4ha24sq0,elys1dux2vvy0k9hrxt59qex78r94efl6hf4ha24sq0,372,,0
elys1fv5pawpa6hatd923xu4sdytd5hyzuqj7peanna,elys1fv5pawpa6hatd923xu4sdytd5hyzuqj7peanna,372,,0
elys12l5uufvm82xyt725t9kvm6d0qkpm4jmw9cq0ye,elys12l5uufvm82xyt725t9kvm6d0qkpm4jmw9cq0ye,372,,0
elys1gkhzup5rxt5nutkct0fffe92y93w5ukzeypmfk,elys1gkhzup5rxt5nutkct0fffe92y93w5ukzeypmfk,372,,0
elys1rzm4xtz48rd9khv9yay2dkvjvfymvct6tas9gq,elys1rzm4xtz48rd9khv9yay2dkvjvfymvct6tas9gq,372,,0
elys123scuwjkz9v778sruaymudvvsfgv0a8wdepk74,elys123scuwjkz9v778sruaymudvvsfgv0a8wdepk74,372,pre-seed,61000.305
elys1seqghatqlqakest4uhcw9728dfddke8hpp802u,elys1seqghatqlqakest4uhcw9728dfddke8hpp802u,372,,0
elys1mlphuftg5k3dp678wl2vl3wtyddstq0qpz82r4,elys1mlphuftg5k3dp678wl2vl3wtyddstq0qpz82r4,372,,0
elys13ftqq7rzumakddkqhc4ze28ndly434ld5qxrfs,elys13ftqq7rzumakddkqhc4ze28ndly434ld5qxrfs,372,,0
elys159xt55zdydj3lxh2zdhzpyjky5j86nje4asfur,elys159xt55zdydj3lxh2zdhzpyjky5j86nje4asfur,372,,0
elys1ur7tfac3y6m5v4xlvx66avpyv602na4v5safsr,elys1ur7tfac3y6m5v4xlvx66avpyv602na4v5safsr,372,,0
elys18nyaj2xgduhy7m8r7lk8pwppa9hv49n0ewu03t,elys18nyaj2xgduhy7m8r7lk8pwppa9hv49n0ewu03t,372,,0
elys1ez29h62prwcmy78x8etayf4zc28r0dct7yx4qj,elys1ez29h62prwcmy78x8etayf4zc28r0dct7yx4qj,372,,0
elys1h9k94wwex35mhctpvqpkymw5w0nnt55tuwxs3l,elys1h9k94wwex35mhctpvqpkymw5w0nnt55tuwxs3l,372,,0
elys10h3w8csz9g9d6p2y4w5f99fe8xdxsftjesqmfz,elys10h3w8csz9g9d6p2y4w5f99fe8xdxsftjesqmfz,372,,0
elys1angyrk8ydszqad2qzdqa3uqadfndtuvfphcmxw,elys1angyrk8ydszqad2qzdqa3uqadfndtuvfphcmxw,372,,0
elys1rf9yuf834s2n5wyware0qgq4x7mggw93vvxrzj,elys1rf9yuf834s2n5wyware0qgq4x7mggw93vvxrzj,372,,0
elys1jhhdt4pnmz0fdf7yz5a5w8zy44flw0x8a8xvc6,elys1jhhdt4pnmz0fdf7yz5a5w8zy44flw0x8a8xvc6,372,,0
elys1xsnlq9mzrj40p2cya8pvupjqgquaatg7mxqse5,elys1xsnlq9mzrj40p2cya8pvupjqgquaatg7mxqse5,372,,0
elys1p7x9ajy32jnkpdtezqcjy96s38ymkhkdph4vua,elys1p7x9ajy32jnkpdtezqcjy96s38ymkhkdph4vua,372,,0
elys18m9w3w47hfjrmewmvtg0me9pcayc08npm8tykr,elys18m9w3w47hfjrmewmvtg0me9pcayc08npm8tykr,372,,0
elys1kc5cjv2l774c2wymzkg2gmvx62qd2s7h53uvz6,elys1kc5cjv2l774c2wymzkg2gmvx62qd2s7h53uvz6,372,,0
elys1v45pkawwlvhggw9sg6zke4zyaashj6ueh7wv39,elys1v45pkawwlvhggw9sg6zke4zyaashj6ueh7wv39,372,,0
elys18482w4tutjj9q5x32tsemjc2xsqsqctev7h4xy,elys18482w4tutjj9q5x32tsemjc2xsqsqctev7h4xy,372,,0
elys1h0z3ccv5y5g4kdnyqyu7ncv7f5w6f922hefqxa,elys1h0z3ccv5y5g4kdnyqyu7ncv7f5w6f922hefqxa,372,,0
elys1zuul0gqdprd3uga06hfg2t4q5tddwyghu5v080,elys1zuul0gqdprd3uga06hfg2t4q5tddwyghu5v080,372,,0
elys1fc265lvf9h66hujgdnnzmvp8dhgwhg8zzz9epm,elys1fc265lvf9h66hujgdnnzmvp8dhgwhg8zzz9epm,372,,0
elys1lzy5e8szs7lflgetq3rrkavq8npwcngrsqwwgn,elys1lzy5e8szs7lflgetq3rrkavq8npwcngrsqwwgn,372,,0
elys1z84x44mz2vye25vxkhlp4malu6ktuk7un74k43,elys1z84x44mz2vye25vxkhlp4malu6ktuk7un74k43,372,,0
elys1t3pwtk5g34q8qu52hrmatake75w57hslkus05u,elys1t3pwtk5g34q8qu52hrmatake75w57hslkus05u,372,,0
elys1rxfwtgt2t3an3mhj9qeuag9z2h630hcr2vycyx,elys1rxfwtgt2t3an3mhj9qeuag9z2h630hcr2vycyx,372,,0
elys12hg2ua2kv67fjeux3j9adtkxpzd98u9ec49z8y,elys12hg2ua2kv67fjeux3j9adtkxpzd98u9ec49z8y,372,,0
elys1a7yx5k57ee7vpa3ut7gus66ak26q3mgcmx0z62,elys1a7yx5k57ee7vpa3ut7gus66ak26q3mgcmx0z62,372,,0
elys1sr36sm855wr0n4spspaknae7c64rdn09an7ft8,elys1sr36sm855wr0n4spspaknae7c64rdn09an7ft8,372,,0
elys1xrm5pzmlr3dpvnen6v3gysehlnq2cfh4lrz3sa,elys1xrm5pzmlr3dpvnen6v3gysehlnq2cfh4lrz3sa,372,,0
elys180j36lh2axv6763xg0gd334yr6au727tkw8c8k,elys180j36lh2axv6763xg0gd334yr6au727tkw8c8k,372,,0
elys1vqurd5tsn293d3j55dxynknrd73cc7p2fl9g5p,elys1vqurd5tsn293d3j55dxynknrd73cc7p2fl9g5p,372,,0
elys1spwgpszc5g0056sdr78ugfqxahjcjqgdrr6cw9,elys1spwgpszc5g0056sdr78ugfqxahjcjqgdrr6cw9,372,,0
elys124tjvtkxns5eqdwmaafh9pedemgzva6c40m2ra,elys124tjvtkxns5eqdwmaafh9pedemgzva6c40m2ra,372,,0
elys1a49thj2m764mh6pvwpthlmj70cdmhjeu2vm3ht,elys1a49thj2m764mh6pvwpthlmj70cdmhjeu2vm3ht,372,,0
elys1zl730wf37et75f4jzqurewlmm75yyp36q8ee30,elys1zl730wf37et75f4jzqurewlmm75yyp36q8ee30,372,,0
elys17mmpk8m6s57k60e357en52gens88eukmmzja5q,elys17mmpk8m6s57k60e357en52gens88eukmmzja5q,372,,0
elys1ux4ej0zefpz54jhe7lu3ya868yrlsgcyzp4f7k,elys1ux4ej0zefpz54jhe7lu3ya868yrlsgcyzp4f7k,372,,0
elys1kyetkvtl8d74dsefdljnhwc77axf7283vz3whv,elys1kyetkvtl8d74dsefdljnhwc77axf7283vz3whv,372,,0
elys17lwha3f5jue86hwcfdd6crpxz85j8nf8m7hg5g,elys17lwha3f5jue86hwcfdd6crpxz85j8nf8m7hg5g,372,,0
elys1lmj4k6g27pmx49dvnruz8r883pxsvgyg04c72h,elys1lmj4k6g27pmx49dvnruz8r883pxsvgyg04c72h,372,,0
elys1y40yywg94e6hw80464kxrr7063d35ekyd23k2p,elys1y40yywg94e6hw80464kxrr7063d35ekyd23k2p,372,,0
elys10jjv53jdcj32swkkuv2z7wdxctsda8rrac0s9q,elys10jjv53jdcj32swkkuv2z7wdxctsda8rrac0s9q,372,,0
elys1h295kur87swge9sjurpeqnpwy86d87406huj7j,elys1h295kur87swge9sjurpeqnpwy86d87406huj7j,372,,0
elys1zulfe6nr8w5lgw432pv663x8jx3uzwu6nkgllv,elys1zulfe6nr8w5lgw432pv663x8jx3uzwu6nkgllv,372,,0
elys1qm8ttsqm99uucnjqg7h2qzlrl6rxcay73xcv3s,elys1qm8ttsqm99uucnjqg7h2qzlrl6rxcay73xcv3s,372,,0
elys1v8h045fa6vh00dmkk8wwsu3hktpw8p8nj580l3,elys1v8h045fa6vh00dmkk8wwsu3hktpw8p8nj580l3,372,,0
elys1h9dudev2tux7nayy4xqeyzpwrg5e7f9yvqv8ve,elys1h9dudev2tux7nayy4xqeyzpwrg5e7f9yvqv8ve,372,,0
elys196gsh5q54tsr7l5hyafclyutn868kr9tmfuaje,elys196gsh5q54tsr7l5hyafclyutn868kr9tmfuaje,372,,0
elys1y68gl6kr3lfzj7mdqufe6stuk3s48spvql3tlj,elys1y68gl6kr3lfzj7mdqufe6stuk3s48spvql3tlj,372,,0
elys16hrehrsupllep64g0afkm72ll7cqwseclmecm5,elys16hrehrsupllep64g0afkm72ll7cqwseclmecm5,372,,0
elys1v0rdzrh8hty4ldxj0ec42pxyss5aad6ktqkuem,elys1v0rdzrh8hty4ldxj0ec42pxyss5aad6ktqkuem,372,,0
elys1lmhqp9y64rdvkwqqrjx4wr8jq8hj6wz2mz0due,elys1lmhqp9y64rdvkwqqrjx4wr8jq8hj6wz2mz0due,372,,0
elys1paslvj6znkyhpca2lugvhlsxkqtepjxxqmhajx,elys1paslvj6znkyhpca2lugvhlsxkqtepjxxqmhajx,372,,0
elys1k5hd6fy67annmske7tu8zy8py852wngnf97ye4,elys1k5hd6fy67annmske7tu8zy8py852wngnf97ye4,372,,0
elys16pm0wankqenwgfuva3jarxlthaylesxz3gpt87,elys16pm0wankqenwgfuva3jarxlthaylesxz3gpt87,372,,0
elys1hpdxas2s2tqlhcaa7wrajv5qc5s5807pl3sxru,elys1hpdxas2s2tqlhcaa7wrajv5qc5s5807pl3sxru,372,,0
elys1qnraqmxa0e99eskpupggcuspe402mflrzjhwrz,elys1qnraqmxa0e99eskpupggcuspe402mflrzjhwrz,372,,0
elys13rdz4hwhhsl3n9klumhph7gged2j55prm8n7zu,elys13rdz4hwhhsl3n9klumhph7gged2j55prm8n7zu,372,,0
elys1qcwksa3xp3yqfkeztsycvftkvqwr0pl4u9v7mq,elys1qcwksa3xp3yqfkeztsycvftkvqwr0pl4u9v7mq,372,,0
elys1qh6mh703sfpv0dggychrtfxjuvfpq8rltuq0wn,elys1qh6mh703sfpv0dggychrtfxjuvfpq8rltuq0wn,372,,0
elys1pvmcefzegayc2k7msdxzzz7ekqlqn9yql3xeyc,elys1pvmcefzegayc2k7msdxzzz7ekqlqn9yql3xeyc,372,,0
elys16xd0rzp26eldftgtz74sxkq2qssjewh0cak3z2,elys16xd0rzp26eldftgtz74sxkq2qssjewh0cak3z2,372,,0
elys1dxd3c8hk6xcy83uqy797f4j3rdclnkd80mzayn,elys1dxd3c8hk6xcy83uqy797f4j3rdclnkd80mzayn,372,,0
elys168xfluxe0psdzgvl0r77thz6h4sms3lk34ts9z,elys168xfluxe0psdzgvl0r77thz6h4sms3lk34ts9z,372,,0
elys1a05ys4yd3v9utmc3ks39vtvhgxyyklkjka59ma,elys1a05ys4yd3v9utmc3ks39vtvhgxyyklkjka59ma,372,,0
elys1dd6ndzgpv7vuneg0fvw0psvg865ssdxfu2wm7v,elys1dd6ndzgpv7vuneg0fvw0psvg865ssdxfu2wm7v,372,,0
elys1whz54sp7wfm4kfgw6xy06c05t2722c0yhm8slz,elys1whz54sp7wfm4kfgw6xy06c05t2722c0yhm8slz,372,,0
elys1wgyl456jg9tz2tf4xlc23lw5nzg4ng296krxag,elys1wgyl456jg9tz2tf4xlc23lw5nzg4ng296krxag,372,,0
elys1tlc86chevwds047um2zwmm78cull85xyz3dhrk,elys1tlc86chevwds047um2zwmm78cull85xyz3dhrk,372,,0
elys1a6vmp4wyj5tads7u7x9v90e25cmmczddl9k0sn,elys1a6vmp4wyj5tads7u7x9v90e25cmmczddl9k0sn,372,,0
elys185e9eucf24myfe0fsyzxxxf2t2j88zacfatpk4,elys185e9eucf24myfe0fsyzxxxf2t2j88zacfatpk4,372,,0
elys14dkj2nu55e4jrjh7zf227scg9ghqz264gzf4rh,elys14dkj2nu55e4jrjh7zf227scg9ghqz264gzf4rh,372,,0
elys1ntmuee2yf8xpps0ljg0es0ef2ufefhh98pdjuh,elys1ntmuee2yf8xpps0ljg0es0ef2ufefhh98pdjuh,372,,0
elys1y6ks8y8u4fjqlk6j2g2e3tlp6nh794wgxvr7x0,elys1y6ks8y8u4fjqlk6j2g2e3tlp6nh794wgxvr7x0,372,,0
elys15cue7ql2rh6kv8kdm6c7d35qnxpu8nemn075nv,elys15cue7ql2rh6kv8kdm6c7d35qnxpu8nemn075nv,372,,0
elys15pj342wz3kll448tfhh8l3y8fejm3xepmnu8w4,elys15pj342wz3kll448tfhh8l3y8fejm3xepmnu8w4,372,,0
elys1ycqgj60a34wu6w3x3rfxj0xn6ulk06wlu0pudk,elys1ycqgj60a34wu6w3x3rfxj0xn6ulk06wlu0pudk,372,,0
elys10az8y677yhvjgehq52y5nkhy3u5vsua9rw8mcu,elys10az8y677yhvjgehq52y5nkhy3u5vsua9rw8mcu,372,,0
elys1pac9yw7nk3h74sr8pjcefgplxf6y8l6vev3cvs,elys1pac9yw7nk3h74sr8pjcefgplxf6y8l6vev3cvs,372,,0
elys1j53ujz8xew0xer95fx09turf8pxq3rva5zfxst,elys1j53ujz8xew0xer95fx09turf8pxq3rva5zfxst,372,,0
elys16lt3fswfcux9txcdmdvpk0fdedsglhxx0gm9vw,elys16lt3fswfcux9txcdmdvpk0fdedsglhxx0gm9vw,372,,0
elys1xyrx3d267t2qr2h4xhl9j2nhpamtene2g4myg3,elys1xyrx3d267t2qr2h4xhl9j2nhpamtene2g4myg3,372,,0
elys1zcps8slrrmajq3la7u8eaem4sv0vtx4yq726qe,elys1zcps8slrrmajq3la7u8eaem4sv0vtx4yq726qe,372,,0
elys1ljm2az7k53733hvtx82aq3vpt0j50a5697ve7n,elys1ljm2az7k53733hvtx82aq3vpt0j50a5697ve7n,372,,0
elys1lv2w9yzyme4xvm3jf4tjhrvtp37plvf9l4s403,elys1lv2w9yzyme4xvm3jf4tjhrvtp37plvf9l4s403,372,,0
elys1n9y9vccgt08p3ny369rdd2tzamc2hxh2qfa23f,elys1n9y9vccgt08p3ny369rdd2tzamc2hxh2qfa23f,372,,0
elys198d6jvzfehc203kap2fd7jyvk5n2x8q9ye6lkw,elys198d6jvzfehc203kap2fd7jyvk5n2x8q9ye6lkw,372,,0
elys1vpnckqncw075ctxn0tacy975n0kpzlvl42te4a,elys1vpnckqncw075ctxn0tacy975n0kpzlvl42te4a,372,,0
elys1skkzmx9hx9nlenreldv3wwkdqex3dftddhsc02,elys1skkzmx9hx9nlenreldv3wwkdqex3dftddhsc02,372,,0
elys1phymv9fz63yxcn3wjp94w04sxjazamhce9j0av,elys1phymv9fz63yxcn3wjp94w04sxjazamhce9j0av,372,,0
elys13r4wr4vz785dxgqjjs2syxzmr2rq0sk6zqtpkd,elys13r4wr4vz785dxgqjjs2syxzmr2rq0sk6zqtpkd,372,,0
elys1z4eat2vjfherr8eq6rzxgjvauswgyytc8qqky8,elys1z4eat2vjfherr8eq6rzxgjvauswgyytc8qqky8,372,,0
elys1sat45e2e5tq6yf2jntulsuc4xz9dv7rruwdv3x,elys1sat45e2e5tq6yf2jntulsuc4xz9dv7rruwdv3x,372,,0
elys18wukalcm9rzkhufe22qdy7a640eumx8a3j3ey9,elys18wukalcm9rzkhufe22qdy7a640eumx8a3j3ey9,372,,0
elys1kgmvfpaq9gnu8hnzwf9nsddtnnnvy6fwa8867l,elys1kgmvfpaq9gnu8hnzwf9nsddtnnnvy6fwa8867l,372,,0
elys1h2ay8awsa26zftfyjdc2f2y00uywfqflp28y6w,elys1h2ay8awsa26zftfyjdc2f2y00uywfqflp28y6w,372,,0
elys1rg0c7xr8mh8fdca6884eyd6jw4g7993m8lpfc6,elys1rg0c7xr8mh8fdca6884eyd6jw4g7993m8lpfc6,372,,0
elys12mlgdxag6fp9vrc664s9f6sdty3m88wa0p5xgh,elys12mlgdxag6fp9vrc664s9f6sdty3m88wa0p5xgh,372,,0
elys1gepykghujtxplteewpzhz8pxzd72vjp4w6tfhu,elys1gepykghujtxplteewpzhz8pxzd72vjp4w6tfhu,372,,0
elys1rfrfnkjc3t9zh9hn96p327cjyytk48fcha4kt0,elys1rfrfnkjc3t9zh9hn96p327cjyytk48fcha4kt0,372,,0
elys1ja5fcujdygck7xlgr0r9qjqq4gl8mw5hhzky68,elys1ja5fcujdygck7xlgr0r9qjqq4gl8mw5hhzky68,372,,0
elys1jsvqm8acqrxjhpxvuttq5wq2w6tzqtfzm73j2u,elys1jsvqm8acqrxjhpxvuttq5wq2w6tzqtfzm73j2u,372,,0
elys17n42usejhaa566yf8allxzlf9c2yrutxdr8k55,elys17n42usejhaa566yf8allxzlf9c2yrutxdr8k55,372,,0
elys1czsp2rq0n7m0z35404g9pntqk2h0fduk6cq9hj,elys1czsp2rq0n7m0z35404g9pntqk2h0fduk6cq9hj,372,,0
elys1f8lngtr5jlf4auxdtzalmjze6gaqsde3tr752c,elys1f8lngtr5jlf4auxdtzalmjze6gaqsde3tr752c,372,,0
elys1wl2dcwm5r89xlwqx0grzd5wgkja8nktp9ffn8t,elys1wl2dcwm5r89xlwqx0grzd5wgkja8nktp9ffn8t,372,,0
elys14wt9d6xj7n7gk9dwmd8lep2tnp4jjk7tnjwlwk,elys14wt9d6xj7n7gk9dwmd8lep2tnp4jjk7tnjwlwk,372,,0
elys142ufxszy0t6xr43u7yza3fj5scadyag040decn,elys142ufxszy0t6xr43u7yza3fj5scadyag040decn,372,,0
elys1t64nvz2mx8h9yj7dpe3l9tpwm5er4lkugurm0k,elys1t64nvz2mx8h9yj7dpe3l9tpwm5er4lkugurm0k,372,,0
elys1k9htds6me6hq8mzdv5xsnwr4lp9nwpmt2xw906,elys1k9htds6me6hq8mzdv5xsnwr4lp9nwpmt2xw906,372,,0
elys150rt673r336v0698gd5q4gxv76ww22dqxnfr82,elys150rt673r336v0698gd5q4gxv76ww22dqxnfr82,372,,0
elys14m0w4s4p2q3knvs22ukrx6eja8c2cw4lv0d8vw,elys14m0w4s4p2q3knvs22ukrx6eja8c2cw4lv0d8vw,372,,0
elys10khyx0rvpta07me9eczqkt508ts90wg43v6gce,elys10khyx0rvpta07me9eczqkt508ts90wg43v6gce,372,,0
elys1dvxrvyuvwax8dnvmpqjqxu2eyp457p7hlsgyz6,elys1dvxrvyuvwax8dnvmpqjqxu2eyp457p7hlsgyz6,372,,0
elys1gxa87x4zs72w6jvpp4gvahe609yhwjs3p5e6fl,elys1gxa87x4zs72w6jvpp4gvahe609yhwjs3p5e6fl,372,,0
elys1sc4dh5npu2ddswkf7gn62sudjjzzt86qrdp46x,elys1sc4dh5npu2ddswkf7gn62sudjjzzt86qrdp46x,372,,0
elys1e0w02a8hacrj4c3h2studf3rg9at7xu2yrdr8f,elys1e0w02a8hacrj4c3h2studf3rg9at7xu2yrdr8f,372,,0
elys1xfc09gh3rqsavtk5z8grttrc57lfra3flmycjg,elys1xfc09gh3rqsavtk5z8grttrc57lfra3flmycjg,372,,0
elys148lr9d389eh85puh9e4dvyt40dua62n8uzq4g2,elys148lr9d389eh85puh9e4dvyt40dua62n8uzq4g2,372,,0
elys1mfpm0cukrkgxze8uq5qnd7v8t975jgzm8p30vk,elys1mfpm0cukrkgxze8uq5qnd7v8t975jgzm8p30vk,372,,0
elys1jn8lcl4f0dzug93700a6nacmz07k492essja90,elys1jn8lcl4f0dzug93700a6nacmz07k492essja90,372,,0
elys1amac29dufxmkc9mzxl84xtfkzru9gyj7zr0qjv,elys1amac29dufxmkc9mzxl84xtfkzru9gyj7zr0qjv,372,,0
elys1au342rrkx42rzz32k3tj23e9h76fxqfwx0qz8l,elys1au342rrkx42rzz32k3tj23e9h76fxqfwx0qz8l,372,,0
elys17mde58mmj4gsy3gycj28ajkr6ajfa5tw729whp,elys17mde58mmj4gsy3gycj28ajkr6ajfa5tw729whp,372,,0
elys1duw4frzdq8prmle2we8lgjalsd54z0ggymg0rr,elys1duw4frzdq8prmle2we8lgjalsd54z0ggymg0rr,372,,0
elys1st2f0myepljrv84devj4zmy9585mel6p93c46y,elys1st2f0myepljrv84devj4zmy9585mel6p93c46y,372,,0
elys1exqdj205n6ze74amfmw4evaq25nrtx59zh8mdg,elys1exqdj205n6ze74amfmw4evaq25nrtx59zh8mdg,372,,0
elys196m8x7j4vslj4gc6wk3wq9njxk5ln3t74aumy6,elys196m8x7j4vslj4gc6wk3wq9njxk5ln3t74aumy6,372,,0
elys1dlx728fn4wwkxf8yq8msg3lvjc05s6yrcywcgc,elys1dlx728fn4wwkxf8yq8msg3lvjc05s6yrcywcgc,372,,0
elys10kpq0paxzcqqdrjkvqjs44m60ea0jfd6glt3uc,elys10kpq0paxzcqqdrjkvqjs44m60ea0jfd6glt3uc,372,,0
elys12y0a0nttq3a2vp3kf0hvt2xw0kd8entkyza329,elys12y0a0nttq3a2vp3kf0hvt2xw0kd8entkyza329,372,,0
elys1cetxzm9kakl0cyg4f3fj8p0y4g5tz7s6955qzg,elys1cetxzm9kakl0cyg4f3fj8p0y4g5tz7s6955qzg,372,,0
elys1lnr5q22n6wc4a3t6c5lldvc5737tjlpj4w8s5f,elys1lnr5q22n6wc4a3t6c5lldvc5737tjlpj4w8s5f,372,,0
elys177uhhkaarkn3vrm8lzn7tpvfqzcygu30zgt9lp,elys177uhhkaarkn3vrm8lzn7tpvfqzcygu30zgt9lp,372,,0
elys1pkt2gmj2jjppwzafnckgns4gdwn9muh3w294t4,elys1pkt2gmj2jjppwzafnckgns4gdwn9muh3w294t4,372,,0
elys122vtl62w6k0dnenppy2x27segds0x9t7u3ssrz,elys122vtl62w6k0dnenppy2x27segds0x9t7u3ssrz,372,,0
elys1kmec40eqz8vlr42c402wtjmsuxc87a3wph3znv,elys1kmec40eqz8vlr42c402wtjmsuxc87a3wph3znv,372,,0
elys1uwcepjfa5q9fqu8fzhjr7l8zd96m2vpg4ue8ew,elys1uwcepjfa5q9fqu8fzhjr7l8zd96m2vpg4ue8ew,372,,0
elys1pdwdxu4wwvqatdjpp5e7yx0wy37tjherm7mjwp,elys1pdwdxu4wwvqatdjpp5e7yx0wy37tjherm7mjwp,372,,0
elys1rvtlre96vmf57acak86yvfh685gahp06pqtjxf,elys1rvtlre96vmf57acak86yvfh685gahp06pqtjxf,372,,0
elys10mx9js8zkwhncg37202t6w7jr6hxj69lxutt40,elys10mx9js8zkwhncg37202t6w7jr6hxj69lxutt40,372,,0
elys18zzs354zcvmp4kgg9ut0lza3wrtgtajqrpd3nn,elys18zzs354zcvmp4kgg9ut0lza3wrtgtajqrpd3nn,372,,0
elys1zt748j6c0v0e5rm7d3x3g20qf3uvmvwq6uxmuw,elys1zt748j6c0v0e5rm7d3x3g20qf3uvmvwq6uxmuw,372,,0
elys1xzl2n3sdp7azxzttyufwyg654v6m44vmjp72vl,elys1xzl2n3sdp7azxzttyufwyg654v6m44vmjp72vl,372,,0
elys16jj50pk2ejxewrt29c0u7m3cyetepged3z55k0,elys16jj50pk2ejxewrt29c0u7m3cyetepged3z55k0,372,,0
elys1xu0hnklz74pvge0rjw93xrvx06r5h0esz6fxfh,elys1xu0hnklz74pvge0rjw93xrvx06r5h0esz6fxfh,372,,0
elys1m3myrk7tvfg89af39ppdft3de2qek7c90ra632,elys1m3myrk7tvfg89af39ppdft3de2qek7c90ra632,372,,0
elys1z4nvyjapw4aux3y7ndkcd86prekamfut2a3fpw,elys1z4nvyjapw4aux3y7ndkcd86prekamfut2a3fpw,372,,0
elys1e7hgmdgma8sntnepale0w6efdqnxmannz7yuep,elys1e7hgmdgma8sntnepale0w6efdqnxmannz7yuep,372,,0
elys1am9d5krf6tge7dja9amlj6aeyk7eumsj9jeqdt,elys1am9d5krf6tge7dja9amlj6aeyk7eumsj9jeqdt,372,,0
elys1625t69vgndj86k3zn4cqyru3lz5uagmewr8fjk,elys1625t69vgndj86k3zn4cqyru3lz5uagmewr8fjk,372,,0
elys14kkq5m86zxd5z9thanzzku7z74rc0d3zmyaef2,elys14kkq5m86zxd5z9thanzzku7z74rc0d3zmyaef2,372,,0
elys15d62zxrs5y6thqv9r3uv6k97yg0rzsrejshqde,elys15d62zxrs5y6thqv9r3uv6k97yg0rzsrejshqde,372,,0
elys1canfhc85f93lj0re35l8fa0p5rw7d2tawycyj4,elys1canfhc85f93lj0re35l8fa0p5rw7d2tawycyj4,372,,0
elys157ppfd3q3ck79tq8hu4ezgpqznmd7q69mpvsh6,elys157ppfd3q3ck79tq8hu4ezgpqznmd7q69mpvsh6,372,,0
elys104xj4tpuhfw23jscayk32a4ls8970x3v4yqwmv,elys104xj4tpuhfw23jscayk32a4ls8970x3v4yqwmv,372,,0
elys1tfx5eytfh9nqcjsttv7f8dwry57hakss3v7uqz,elys1tfx5eytfh9nqcjsttv7f8dwry57hakss3v7uqz,372,,0
elys1s5d6dswl0dn5f0qpyg0rvy7ygy4qgs2tmrsetq,elys1s5d6dswl0dn5f0qpyg0rvy7ygy4qgs2tmrsetq,372,,0
elys1eyq5s8ke5c3m73j5wkw76jrx9gqrueppfau5zq,elys1eyq5s8ke5c3m73j5wkw76jrx9gqrueppfau5zq,372,,0
elys1tdzny303rhlr9dfunr6glzv7eum7uwmqgnvjum,elys1tdzny303rhlr9dfunr6glzv7eum7uwmqgnvjum,372,,0
elys1wq5tetruvdpllqt2ymz7cj6txhf84h2v78d98y,elys1wq5tetruvdpllqt2ymz7cj6txhf84h2v78d98y,372,,0
elys1k2j4e73gqfzuza7l9hng48qht04gkju88ugk9l,elys1k2j4e73gqfzuza7l9hng48qht04gkju88ugk9l,372,,0
elys1d5leksg2ueyt886w6g3z20yqffn34scsv66574,elys1d5leksg2ueyt886w6g3z20yqffn34scsv66574,372,,0
elys1kszjqjqhdqvp75gvc2sjt7zlelm2g3laghtggs,elys1kszjqjqhdqvp75gvc2sjt7zlelm2g3laghtggs,372,,0
elys1d0lqd8ev7q8elslvt2zz7p5a5c2856gf2xenrq,elys1d0lqd8ev7q8elslvt2zz7p5a5c2856gf2xenrq,372,,0
elys133z3l2ctpxyyagtaal509xhw5vkwk8u70crywg,elys133z3l2ctpxyyagtaal509xhw5vkwk8u70crywg,372,,0
elys16aszemey8esn4cauv2379qu8a2fz9pdc5frmy6,elys16aszemey8esn4cauv2379qu8a2fz9pdc5frmy6,372,,0
elys1fd6hrwastmer296tzwvk76eztf54q93ufr0ar7,elys1fd6hrwastmer296tzwvk76eztf54q93ufr0ar7,372,,0
elys1me5fwxft0fg3cduvjmxq5uqmm46r6hfz8lfysu,elys1me5fwxft0fg3cduvjmxq5uqmm46r6hfz8lfysu,372,,0
elys1ex7nd785vcg3nspssrpvkqfww4yht4q9ulclhw,elys1ex7nd785vcg3nspssrpvkqfww4yht4q9ulclhw,372,,0
elys1u9dce79r7d07j56g8ledqvpzj6yk7eh3gzy3en,elys1u9dce79r7d07j56g8ledqvpzj6yk7eh3gzy3en,372,,0
elys1k85qxq4pltlu5udtk8erhhmm8stelvz6ak2faq,elys1k85qxq4pltlu5udtk8erhhmm8stelvz6ak2faq,372,,0
elys17dlfyt3ek0chwapx24f60d5tz3n5s8qykxr9me,elys17dlfyt3ek0chwapx24f60d5tz3n5s8qykxr9me,372,,0
elys1cr8mvmlfj7ud0wkxz65h3tt9vps8leftskfd9l,elys1cr8mvmlfj7ud0wkxz65h3tt9vps8leftskfd9l,372,,0
elys1hel9a046a74rrqemqrh4xfj3wyesspru5lxqnj,elys1hel9a046a74rrqemqrh4xfj3wyesspru5lxqnj,372,,0
elys1wd3463ejjkn32ae83e09vm65rgqkha45283cf4,elys1wd3463ejjkn32ae83e09vm65rgqkha45283cf4,372,,0
elys1zzzgw04v5t2f924vp4szlrzhn4v0fngs5n4v23,elys1zzzgw04v5t2f924vp4szlrzhn4v0fngs5n4v23,372,,0
elys1apx87m4378vpnncglx8m6gklafhtnjhhhe54vd,elys1apx87m4378vpnncglx8m6gklafhtnjhhhe54vd,372,,0
elys1yrdgzjjdvnyv23cv7m27ww882yhemx47vpf8uf,elys1yrdgzjjdvnyv23cv7m27ww882yhemx47vpf8uf,372,,0
elys17mhkdumcyrv04mmftdwryyymn8vu6qtml5vegf,elys17mhkdumcyrv04mmftdwryyymn8vu6qtml5vegf,372,,0
elys1gsj0jh9z9mynemm4vjyc88wldw2trtg68hs7q3,elys1gsj0jh9z9mynemm4vjyc88wldw2trtg68hs7q3,372,,0
elys1k837f230hhu9ycvh6rv89ga7cvjfnwlfwcsge5,elys1k837f230hhu9ycvh6rv89ga7cvjfnwlfwcsge5,372,,0
elys1qdut9w6swxtn0cpnaud2qv6psh5y0suw2ys6kl,elys1qdut9w6swxtn0cpnaud2qv6psh5y0suw2ys6kl,372,,0
elys1n84fgc0nwxrs3655nlrh626qrl3xmwcguwcx8s,elys1n84fgc0nwxrs3655nlrh626qrl3xmwcguwcx8s,372,,0
elys130njcd9y03ntzz637fpqanelrzsqe9z5e0nlgf,elys130njcd9y03ntzz637fpqanelrzsqe9z5e0nlgf,372,,0
elys10qrgy7w4xrxdtg4kg0fctqj7wmrmlg20xlwfm3,elys10qrgy7w4xrxdtg4kg0fctqj7wmrmlg20xlwfm3,372,,0
elys1a8rt2rlxv7aprtlzh4cnrgcjmmserr9vlq6hwl,elys1a8rt2rlxv7aprtlzh4cnrgcjmmserr9vlq6hwl,372,,0
elys1vxmq9ssrunnrfy0cq8vmm7wxypnucupdulqg49,elys1vxmq9ssrunnrfy0cq8vmm7wxypnucupdulqg49,372,,0
elys1927v6a30jk8xwj6ggvdlht5efcqvu6l96u07xx,elys1927v6a30jk8xwj6ggvdlht5efcqvu6l96u07xx,372,,0
elys1zfuaupv47rq95ufzd4r3469an8w4u9uwte3q4a,elys1zfuaupv47rq95ufzd4r3469an8w4u9uwte3q4a,372,,0
elys1tw7wfucn2zfceecpy3fuf3tq7naw8dvssevylg,elys1tw7wfucn2zfceecpy3fuf3tq7naw8dvssevylg,372,,0
elys1fdm9hmeganswpasfx7zne2duunah5sxm6ete47,elys1fdm9hmeganswpasfx7zne2duunah5sxm6ete47,372,,0
elys1538jcdcc4kxwx53w4k7avpsrr38300clnk8rvn,elys1538jcdcc4kxwx53w4k7avpsrr38300clnk8rvn,372,,0
elys17czz0ftq5w52hzcgjmwzx82u0a4d5fgn6sc84d,elys17czz0ftq5w52hzcgjmwzx82u0a4d5fgn6sc84d,372,,0
elys1nmkqwr6y0gt63q6z3hss5sqp8pnptqalw7pe7t,elys1nmkqwr6y0gt63q6z3hss5sqp8pnptqalw7pe7t,372,,0
elys1tppd4j6l6fwtm5nyhqhnkpzuf94zv9rpc32djf,elys1tppd4j6l6fwtm5nyhqhnkpzuf94zv9rpc32djf,372,,0